ISO-10303-21;
HEADER;
/* Generated by software containing ST-Developer
 * from STEP Tools, Inc. (www.steptools.com) 
 */

FILE_DESCRIPTION(
/* description */ (''),
/* implementation_level */ '2;1');

FILE_NAME(
/* name */ 'bovenkant.step',
/* time_stamp */ '2026-09-04T19:18:46+02:00',
/* author */ (''),
/* organization */ (''),
/* preprocessor_version */ 'ST-DEVELOPER v20.1',
/* originating_system */ 'Autodesk Translation Framework v15.8.0.0',
/* authorisation */ '');

FILE_SCHEMA (('AUTOMOTIVE_DESIGN { 1 0 10303 214 3 1 1 }'));
ENDSEC;

DATA;
#10=MECHANICAL_DESIGN_GEOMETRIC_PRESENTATION_REPRESENTATION('',(#17),#2647);
#11=ITEM_DEFINED_TRANSFORMATION($,$,#1635,#1755);
#12=(
REPRESENTATION_RELATIONSHIP($,$,#2658,#2657)
REPRESENTATION_RELATIONSHIP_WITH_TRANSFORMATION(#11)
SHAPE_REPRESENTATION_RELATIONSHIP()
);
#13=CONTEXT_DEPENDENT_SHAPE_REPRESENTATION(#12,#2656);
#14=NEXT_ASSEMBLY_USAGE_OCCURRENCE('bovenkant:1','bovenkant:1',
'bovenkant:1',#2660,#2661,'bovenkant:1');
#15=SHAPE_REPRESENTATION_RELATIONSHIP('SRR','None',#2658,#16);
#16=ADVANCED_BREP_SHAPE_REPRESENTATION('',(#18),#2646);
#17=STYLED_ITEM('',(#2671),#18);
#18=MANIFOLD_SOLID_BREP('Body1',#1621);
#19=FACE_BOUND('',#212,.T.);
#20=FACE_BOUND('',#215,.T.);
#21=FACE_BOUND('',#218,.T.);
#22=FACE_BOUND('',#221,.T.);
#23=FACE_BOUND('',#282,.T.);
#24=FACE_BOUND('',#295,.T.);
#25=FACE_BOUND('',#296,.T.);
#26=FACE_BOUND('',#297,.T.);
#27=FACE_BOUND('',#298,.T.);
#28=FACE_BOUND('',#299,.T.);
#29=FACE_BOUND('',#300,.T.);
#30=FACE_BOUND('',#301,.T.);
#31=FACE_BOUND('',#302,.T.);
#32=FACE_BOUND('',#303,.T.);
#33=FACE_BOUND('',#309,.T.);
#34=FACE_BOUND('',#310,.T.);
#35=FACE_BOUND('',#317,.T.);
#36=FACE_BOUND('',#318,.T.);
#37=FACE_BOUND('',#319,.T.);
#38=FACE_BOUND('',#320,.T.);
#39=FACE_BOUND('',#321,.T.);
#40=PLANE('',#1639);
#41=PLANE('',#1644);
#42=PLANE('',#1649);
#43=PLANE('',#1654);
#44=PLANE('',#1658);
#45=PLANE('',#1661);
#46=PLANE('',#1664);
#47=PLANE('',#1667);
#48=PLANE('',#1668);
#49=PLANE('',#1669);
#50=PLANE('',#1670);
#51=PLANE('',#1671);
#52=PLANE('',#1672);
#53=PLANE('',#1673);
#54=PLANE('',#1674);
#55=PLANE('',#1675);
#56=PLANE('',#1676);
#57=PLANE('',#1677);
#58=PLANE('',#1678);
#59=PLANE('',#1679);
#60=PLANE('',#1680);
#61=PLANE('',#1681);
#62=PLANE('',#1682);
#63=PLANE('',#1683);
#64=PLANE('',#1684);
#65=PLANE('',#1685);
#66=PLANE('',#1686);
#67=PLANE('',#1687);
#68=PLANE('',#1688);
#69=PLANE('',#1689);
#70=PLANE('',#1690);
#71=PLANE('',#1691);
#72=PLANE('',#1692);
#73=PLANE('',#1693);
#74=PLANE('',#1694);
#75=PLANE('',#1695);
#76=PLANE('',#1696);
#77=PLANE('',#1697);
#78=PLANE('',#1698);
#79=PLANE('',#1699);
#80=PLANE('',#1700);
#81=PLANE('',#1701);
#82=PLANE('',#1702);
#83=PLANE('',#1703);
#84=PLANE('',#1704);
#85=PLANE('',#1705);
#86=PLANE('',#1706);
#87=PLANE('',#1707);
#88=PLANE('',#1708);
#89=PLANE('',#1709);
#90=PLANE('',#1710);
#91=PLANE('',#1711);
#92=PLANE('',#1712);
#93=PLANE('',#1713);
#94=PLANE('',#1714);
#95=PLANE('',#1715);
#96=PLANE('',#1716);
#97=PLANE('',#1720);
#98=PLANE('',#1724);
#99=PLANE('',#1730);
#100=PLANE('',#1731);
#101=PLANE('',#1732);
#102=PLANE('',#1735);
#103=PLANE('',#1736);
#104=PLANE('',#1738);
#105=PLANE('',#1740);
#106=PLANE('',#1741);
#107=PLANE('',#1743);
#108=PLANE('',#1744);
#109=PLANE('',#1745);
#110=PLANE('',#1746);
#111=PLANE('',#1747);
#112=PLANE('',#1748);
#113=PLANE('',#1749);
#114=PLANE('',#1750);
#115=PLANE('',#1751);
#116=PLANE('',#1752);
#117=PLANE('',#1753);
#118=PLANE('',#1754);
#119=FACE_OUTER_BOUND('',#210,.T.);
#120=FACE_OUTER_BOUND('',#211,.T.);
#121=FACE_OUTER_BOUND('',#213,.T.);
#122=FACE_OUTER_BOUND('',#214,.T.);
#123=FACE_OUTER_BOUND('',#216,.T.);
#124=FACE_OUTER_BOUND('',#217,.T.);
#125=FACE_OUTER_BOUND('',#219,.T.);
#126=FACE_OUTER_BOUND('',#220,.T.);
#127=FACE_OUTER_BOUND('',#222,.T.);
#128=FACE_OUTER_BOUND('',#223,.T.);
#129=FACE_OUTER_BOUND('',#224,.T.);
#130=FACE_OUTER_BOUND('',#225,.T.);
#131=FACE_OUTER_BOUND('',#226,.T.);
#132=FACE_OUTER_BOUND('',#227,.T.);
#133=FACE_OUTER_BOUND('',#228,.T.);
#134=FACE_OUTER_BOUND('',#229,.T.);
#135=FACE_OUTER_BOUND('',#230,.T.);
#136=FACE_OUTER_BOUND('',#231,.T.);
#137=FACE_OUTER_BOUND('',#232,.T.);
#138=FACE_OUTER_BOUND('',#233,.T.);
#139=FACE_OUTER_BOUND('',#234,.T.);
#140=FACE_OUTER_BOUND('',#235,.T.);
#141=FACE_OUTER_BOUND('',#236,.T.);
#142=FACE_OUTER_BOUND('',#237,.T.);
#143=FACE_OUTER_BOUND('',#238,.T.);
#144=FACE_OUTER_BOUND('',#239,.T.);
#145=FACE_OUTER_BOUND('',#240,.T.);
#146=FACE_OUTER_BOUND('',#241,.T.);
#147=FACE_OUTER_BOUND('',#242,.T.);
#148=FACE_OUTER_BOUND('',#243,.T.);
#149=FACE_OUTER_BOUND('',#244,.T.);
#150=FACE_OUTER_BOUND('',#245,.T.);
#151=FACE_OUTER_BOUND('',#246,.T.);
#152=FACE_OUTER_BOUND('',#247,.T.);
#153=FACE_OUTER_BOUND('',#248,.T.);
#154=FACE_OUTER_BOUND('',#249,.T.);
#155=FACE_OUTER_BOUND('',#250,.T.);
#156=FACE_OUTER_BOUND('',#251,.T.);
#157=FACE_OUTER_BOUND('',#252,.T.);
#158=FACE_OUTER_BOUND('',#253,.T.);
#159=FACE_OUTER_BOUND('',#254,.T.);
#160=FACE_OUTER_BOUND('',#255,.T.);
#161=FACE_OUTER_BOUND('',#256,.T.);
#162=FACE_OUTER_BOUND('',#257,.T.);
#163=FACE_OUTER_BOUND('',#258,.T.);
#164=FACE_OUTER_BOUND('',#259,.T.);
#165=FACE_OUTER_BOUND('',#260,.T.);
#166=FACE_OUTER_BOUND('',#261,.T.);
#167=FACE_OUTER_BOUND('',#262,.T.);
#168=FACE_OUTER_BOUND('',#263,.T.);
#169=FACE_OUTER_BOUND('',#264,.T.);
#170=FACE_OUTER_BOUND('',#265,.T.);
#171=FACE_OUTER_BOUND('',#266,.T.);
#172=FACE_OUTER_BOUND('',#267,.T.);
#173=FACE_OUTER_BOUND('',#268,.T.);
#174=FACE_OUTER_BOUND('',#269,.T.);
#175=FACE_OUTER_BOUND('',#270,.T.);
#176=FACE_OUTER_BOUND('',#271,.T.);
#177=FACE_OUTER_BOUND('',#272,.T.);
#178=FACE_OUTER_BOUND('',#273,.T.);
#179=FACE_OUTER_BOUND('',#274,.T.);
#180=FACE_OUTER_BOUND('',#275,.T.);
#181=FACE_OUTER_BOUND('',#276,.T.);
#182=FACE_OUTER_BOUND('',#277,.T.);
#183=FACE_OUTER_BOUND('',#278,.T.);
#184=FACE_OUTER_BOUND('',#279,.T.);
#185=FACE_OUTER_BOUND('',#280,.T.);
#186=FACE_OUTER_BOUND('',#281,.T.);
#187=FACE_OUTER_BOUND('',#283,.T.);
#188=FACE_OUTER_BOUND('',#284,.T.);
#189=FACE_OUTER_BOUND('',#285,.T.);
#190=FACE_OUTER_BOUND('',#286,.T.);
#191=FACE_OUTER_BOUND('',#287,.T.);
#192=FACE_OUTER_BOUND('',#288,.T.);
#193=FACE_OUTER_BOUND('',#289,.T.);
#194=FACE_OUTER_BOUND('',#290,.T.);
#195=FACE_OUTER_BOUND('',#291,.T.);
#196=FACE_OUTER_BOUND('',#292,.T.);
#197=FACE_OUTER_BOUND('',#293,.T.);
#198=FACE_OUTER_BOUND('',#294,.T.);
#199=FACE_OUTER_BOUND('',#304,.T.);
#200=FACE_OUTER_BOUND('',#305,.T.);
#201=FACE_OUTER_BOUND('',#306,.T.);
#202=FACE_OUTER_BOUND('',#307,.T.);
#203=FACE_OUTER_BOUND('',#308,.T.);
#204=FACE_OUTER_BOUND('',#311,.T.);
#205=FACE_OUTER_BOUND('',#312,.T.);
#206=FACE_OUTER_BOUND('',#313,.T.);
#207=FACE_OUTER_BOUND('',#314,.T.);
#208=FACE_OUTER_BOUND('',#315,.T.);
#209=FACE_OUTER_BOUND('',#316,.T.);
#210=EDGE_LOOP('',(#1086,#1087,#1088,#1089));
#211=EDGE_LOOP('',(#1090));
#212=EDGE_LOOP('',(#1091));
#213=EDGE_LOOP('',(#1092,#1093,#1094,#1095));
#214=EDGE_LOOP('',(#1096));
#215=EDGE_LOOP('',(#1097));
#216=EDGE_LOOP('',(#1098,#1099,#1100,#1101));
#217=EDGE_LOOP('',(#1102));
#218=EDGE_LOOP('',(#1103));
#219=EDGE_LOOP('',(#1104,#1105,#1106,#1107));
#220=EDGE_LOOP('',(#1108));
#221=EDGE_LOOP('',(#1109));
#222=EDGE_LOOP('',(#1110,#1111,#1112,#1113));
#223=EDGE_LOOP('',(#1114));
#224=EDGE_LOOP('',(#1115,#1116,#1117,#1118));
#225=EDGE_LOOP('',(#1119));
#226=EDGE_LOOP('',(#1120,#1121,#1122,#1123));
#227=EDGE_LOOP('',(#1124));
#228=EDGE_LOOP('',(#1125,#1126,#1127,#1128));
#229=EDGE_LOOP('',(#1129));
#230=EDGE_LOOP('',(#1130,#1131,#1132,#1133));
#231=EDGE_LOOP('',(#1134,#1135,#1136,#1137));
#232=EDGE_LOOP('',(#1138,#1139,#1140,#1141));
#233=EDGE_LOOP('',(#1142,#1143,#1144,#1145));
#234=EDGE_LOOP('',(#1146,#1147,#1148,#1149));
#235=EDGE_LOOP('',(#1150,#1151,#1152,#1153));
#236=EDGE_LOOP('',(#1154,#1155,#1156,#1157));
#237=EDGE_LOOP('',(#1158,#1159,#1160,#1161));
#238=EDGE_LOOP('',(#1162,#1163,#1164,#1165));
#239=EDGE_LOOP('',(#1166,#1167,#1168,#1169));
#240=EDGE_LOOP('',(#1170,#1171,#1172,#1173));
#241=EDGE_LOOP('',(#1174,#1175,#1176,#1177));
#242=EDGE_LOOP('',(#1178,#1179,#1180,#1181));
#243=EDGE_LOOP('',(#1182,#1183,#1184,#1185));
#244=EDGE_LOOP('',(#1186,#1187,#1188,#1189));
#245=EDGE_LOOP('',(#1190,#1191,#1192,#1193));
#246=EDGE_LOOP('',(#1194,#1195,#1196,#1197));
#247=EDGE_LOOP('',(#1198,#1199,#1200,#1201));
#248=EDGE_LOOP('',(#1202,#1203,#1204,#1205));
#249=EDGE_LOOP('',(#1206,#1207,#1208,#1209));
#250=EDGE_LOOP('',(#1210,#1211,#1212,#1213));
#251=EDGE_LOOP('',(#1214,#1215,#1216,#1217));
#252=EDGE_LOOP('',(#1218,#1219,#1220,#1221));
#253=EDGE_LOOP('',(#1222,#1223,#1224,#1225));
#254=EDGE_LOOP('',(#1226,#1227,#1228,#1229));
#255=EDGE_LOOP('',(#1230,#1231,#1232,#1233));
#256=EDGE_LOOP('',(#1234,#1235,#1236,#1237));
#257=EDGE_LOOP('',(#1238,#1239,#1240,#1241));
#258=EDGE_LOOP('',(#1242,#1243,#1244,#1245));
#259=EDGE_LOOP('',(#1246,#1247,#1248,#1249));
#260=EDGE_LOOP('',(#1250,#1251,#1252,#1253));
#261=EDGE_LOOP('',(#1254,#1255,#1256,#1257));
#262=EDGE_LOOP('',(#1258,#1259,#1260,#1261));
#263=EDGE_LOOP('',(#1262,#1263,#1264,#1265));
#264=EDGE_LOOP('',(#1266,#1267,#1268,#1269));
#265=EDGE_LOOP('',(#1270,#1271,#1272,#1273));
#266=EDGE_LOOP('',(#1274,#1275,#1276,#1277));
#267=EDGE_LOOP('',(#1278,#1279,#1280,#1281));
#268=EDGE_LOOP('',(#1282,#1283,#1284,#1285));
#269=EDGE_LOOP('',(#1286,#1287,#1288,#1289));
#270=EDGE_LOOP('',(#1290,#1291,#1292,#1293));
#271=EDGE_LOOP('',(#1294,#1295,#1296,#1297));
#272=EDGE_LOOP('',(#1298,#1299,#1300,#1301));
#273=EDGE_LOOP('',(#1302,#1303,#1304,#1305));
#274=EDGE_LOOP('',(#1306,#1307,#1308,#1309));
#275=EDGE_LOOP('',(#1310,#1311,#1312,#1313));
#276=EDGE_LOOP('',(#1314,#1315,#1316,#1317));
#277=EDGE_LOOP('',(#1318,#1319,#1320,#1321));
#278=EDGE_LOOP('',(#1322,#1323,#1324,#1325));
#279=EDGE_LOOP('',(#1326,#1327,#1328,#1329));
#280=EDGE_LOOP('',(#1330,#1331,#1332,#1333,#1334,#1335,#1336,#1337,#1338,
#1339));
#281=EDGE_LOOP('',(#1340,#1341,#1342,#1343,#1344,#1345,#1346,#1347));
#282=EDGE_LOOP('',(#1348,#1349,#1350,#1351));
#283=EDGE_LOOP('',(#1352,#1353,#1354,#1355,#1356,#1357,#1358,#1359,#1360,
#1361));
#284=EDGE_LOOP('',(#1362,#1363,#1364,#1365,#1366));
#285=EDGE_LOOP('',(#1367,#1368,#1369,#1370));
#286=EDGE_LOOP('',(#1371,#1372,#1373,#1374,#1375,#1376,#1377));
#287=EDGE_LOOP('',(#1378,#1379,#1380,#1381));
#288=EDGE_LOOP('',(#1382,#1383,#1384,#1385,#1386,#1387,#1388,#1389,#1390));
#289=EDGE_LOOP('',(#1391,#1392,#1393,#1394,#1395));
#290=EDGE_LOOP('',(#1396,#1397,#1398,#1399,#1400,#1401));
#291=EDGE_LOOP('',(#1402,#1403,#1404,#1405));
#292=EDGE_LOOP('',(#1406,#1407,#1408,#1409));
#293=EDGE_LOOP('',(#1410,#1411,#1412,#1413));
#294=EDGE_LOOP('',(#1414,#1415,#1416,#1417));
#295=EDGE_LOOP('',(#1418,#1419,#1420,#1421));
#296=EDGE_LOOP('',(#1422,#1423,#1424,#1425));
#297=EDGE_LOOP('',(#1426,#1427,#1428,#1429));
#298=EDGE_LOOP('',(#1430,#1431,#1432,#1433));
#299=EDGE_LOOP('',(#1434,#1435,#1436,#1437));
#300=EDGE_LOOP('',(#1438,#1439,#1440,#1441));
#301=EDGE_LOOP('',(#1442,#1443,#1444,#1445));
#302=EDGE_LOOP('',(#1446,#1447,#1448,#1449));
#303=EDGE_LOOP('',(#1450,#1451,#1452,#1453));
#304=EDGE_LOOP('',(#1454,#1455,#1456,#1457));
#305=EDGE_LOOP('',(#1458,#1459,#1460,#1461));
#306=EDGE_LOOP('',(#1462,#1463,#1464,#1465));
#307=EDGE_LOOP('',(#1466,#1467,#1468,#1469,#1470,#1471));
#308=EDGE_LOOP('',(#1472,#1473,#1474,#1475));
#309=EDGE_LOOP('',(#1476,#1477,#1478,#1479));
#310=EDGE_LOOP('',(#1480,#1481,#1482,#1483));
#311=EDGE_LOOP('',(#1484,#1485,#1486,#1487));
#312=EDGE_LOOP('',(#1488,#1489,#1490,#1491));
#313=EDGE_LOOP('',(#1492,#1493,#1494,#1495,#1496,#1497));
#314=EDGE_LOOP('',(#1498,#1499,#1500,#1501));
#315=EDGE_LOOP('',(#1502,#1503,#1504,#1505));
#316=EDGE_LOOP('',(#1506,#1507,#1508,#1509));
#317=EDGE_LOOP('',(#1510,#1511,#1512,#1513));
#318=EDGE_LOOP('',(#1514));
#319=EDGE_LOOP('',(#1515));
#320=EDGE_LOOP('',(#1516));
#321=EDGE_LOOP('',(#1517));
#322=LINE('',#2194,#510);
#323=LINE('',#2203,#511);
#324=LINE('',#2212,#512);
#325=LINE('',#2221,#513);
#326=LINE('',#2228,#514);
#327=LINE('',#2233,#515);
#328=LINE('',#2238,#516);
#329=LINE('',#2243,#517);
#330=LINE('',#2249,#518);
#331=LINE('',#2251,#519);
#332=LINE('',#2253,#520);
#333=LINE('',#2254,#521);
#334=LINE('',#2257,#522);
#335=LINE('',#2259,#523);
#336=LINE('',#2260,#524);
#337=LINE('',#2263,#525);
#338=LINE('',#2265,#526);
#339=LINE('',#2266,#527);
#340=LINE('',#2268,#528);
#341=LINE('',#2269,#529);
#342=LINE('',#2273,#530);
#343=LINE('',#2275,#531);
#344=LINE('',#2277,#532);
#345=LINE('',#2278,#533);
#346=LINE('',#2281,#534);
#347=LINE('',#2283,#535);
#348=LINE('',#2284,#536);
#349=LINE('',#2287,#537);
#350=LINE('',#2289,#538);
#351=LINE('',#2290,#539);
#352=LINE('',#2292,#540);
#353=LINE('',#2293,#541);
#354=LINE('',#2298,#542);
#355=LINE('',#2300,#543);
#356=LINE('',#2302,#544);
#357=LINE('',#2303,#545);
#358=LINE('',#2306,#546);
#359=LINE('',#2308,#547);
#360=LINE('',#2309,#548);
#361=LINE('',#2312,#549);
#362=LINE('',#2314,#550);
#363=LINE('',#2315,#551);
#364=LINE('',#2317,#552);
#365=LINE('',#2318,#553);
#366=LINE('',#2323,#554);
#367=LINE('',#2325,#555);
#368=LINE('',#2327,#556);
#369=LINE('',#2328,#557);
#370=LINE('',#2331,#558);
#371=LINE('',#2333,#559);
#372=LINE('',#2334,#560);
#373=LINE('',#2337,#561);
#374=LINE('',#2339,#562);
#375=LINE('',#2340,#563);
#376=LINE('',#2342,#564);
#377=LINE('',#2343,#565);
#378=LINE('',#2348,#566);
#379=LINE('',#2350,#567);
#380=LINE('',#2352,#568);
#381=LINE('',#2353,#569);
#382=LINE('',#2356,#570);
#383=LINE('',#2358,#571);
#384=LINE('',#2359,#572);
#385=LINE('',#2362,#573);
#386=LINE('',#2364,#574);
#387=LINE('',#2365,#575);
#388=LINE('',#2367,#576);
#389=LINE('',#2368,#577);
#390=LINE('',#2373,#578);
#391=LINE('',#2375,#579);
#392=LINE('',#2377,#580);
#393=LINE('',#2378,#581);
#394=LINE('',#2381,#582);
#395=LINE('',#2383,#583);
#396=LINE('',#2384,#584);
#397=LINE('',#2387,#585);
#398=LINE('',#2389,#586);
#399=LINE('',#2390,#587);
#400=LINE('',#2392,#588);
#401=LINE('',#2393,#589);
#402=LINE('',#2398,#590);
#403=LINE('',#2400,#591);
#404=LINE('',#2402,#592);
#405=LINE('',#2403,#593);
#406=LINE('',#2406,#594);
#407=LINE('',#2408,#595);
#408=LINE('',#2409,#596);
#409=LINE('',#2412,#597);
#410=LINE('',#2414,#598);
#411=LINE('',#2415,#599);
#412=LINE('',#2417,#600);
#413=LINE('',#2418,#601);
#414=LINE('',#2423,#602);
#415=LINE('',#2425,#603);
#416=LINE('',#2427,#604);
#417=LINE('',#2428,#605);
#418=LINE('',#2431,#606);
#419=LINE('',#2433,#607);
#420=LINE('',#2434,#608);
#421=LINE('',#2437,#609);
#422=LINE('',#2439,#610);
#423=LINE('',#2440,#611);
#424=LINE('',#2442,#612);
#425=LINE('',#2443,#613);
#426=LINE('',#2448,#614);
#427=LINE('',#2450,#615);
#428=LINE('',#2452,#616);
#429=LINE('',#2453,#617);
#430=LINE('',#2456,#618);
#431=LINE('',#2458,#619);
#432=LINE('',#2459,#620);
#433=LINE('',#2462,#621);
#434=LINE('',#2464,#622);
#435=LINE('',#2465,#623);
#436=LINE('',#2467,#624);
#437=LINE('',#2468,#625);
#438=LINE('',#2473,#626);
#439=LINE('',#2475,#627);
#440=LINE('',#2477,#628);
#441=LINE('',#2478,#629);
#442=LINE('',#2481,#630);
#443=LINE('',#2483,#631);
#444=LINE('',#2484,#632);
#445=LINE('',#2487,#633);
#446=LINE('',#2489,#634);
#447=LINE('',#2490,#635);
#448=LINE('',#2492,#636);
#449=LINE('',#2493,#637);
#450=LINE('',#2500,#638);
#451=LINE('',#2503,#639);
#452=LINE('',#2506,#640);
#453=LINE('',#2510,#641);
#454=LINE('',#2514,#642);
#455=LINE('',#2518,#643);
#456=LINE('',#2520,#644);
#457=LINE('',#2521,#645);
#458=LINE('',#2524,#646);
#459=LINE('',#2526,#647);
#460=LINE('',#2528,#648);
#461=LINE('',#2530,#649);
#462=LINE('',#2532,#650);
#463=LINE('',#2533,#651);
#464=LINE('',#2537,#652);
#465=LINE('',#2542,#653);
#466=LINE('',#2545,#654);
#467=LINE('',#2549,#655);
#468=LINE('',#2551,#656);
#469=LINE('',#2552,#657);
#470=LINE('',#2555,#658);
#471=LINE('',#2556,#659);
#472=LINE('',#2559,#660);
#473=LINE('',#2561,#661);
#474=LINE('',#2565,#662);
#475=LINE('',#2569,#663);
#476=LINE('',#2570,#664);
#477=LINE('',#2573,#665);
#478=LINE('',#2575,#666);
#479=LINE('',#2577,#667);
#480=LINE('',#2580,#668);
#481=LINE('',#2583,#669);
#482=LINE('',#2585,#670);
#483=LINE('',#2586,#671);
#484=LINE('',#2588,#672);
#485=LINE('',#2589,#673);
#486=LINE('',#2590,#674);
#487=LINE('',#2592,#675);
#488=LINE('',#2594,#676);
#489=LINE('',#2599,#677);
#490=LINE('',#2601,#678);
#491=LINE('',#2603,#679);
#492=LINE('',#2604,#680);
#493=LINE('',#2607,#681);
#494=LINE('',#2609,#682);
#495=LINE('',#2610,#683);
#496=LINE('',#2614,#684);
#497=LINE('',#2616,#685);
#498=LINE('',#2617,#686);
#499=LINE('',#2620,#687);
#500=LINE('',#2622,#688);
#501=LINE('',#2623,#689);
#502=LINE('',#2626,#690);
#503=LINE('',#2627,#691);
#504=LINE('',#2628,#692);
#505=LINE('',#2629,#693);
#506=LINE('',#2634,#694);
#507=LINE('',#2635,#695);
#508=LINE('',#2637,#696);
#509=LINE('',#2639,#697);
#510=VECTOR('',#1764,2.05);
#511=VECTOR('',#1775,2.05);
#512=VECTOR('',#1786,2.05);
#513=VECTOR('',#1797,2.05);
#514=VECTOR('',#1806,1.4);
#515=VECTOR('',#1813,1.4);
#516=VECTOR('',#1820,1.4);
#517=VECTOR('',#1827,1.2645);
#518=VECTOR('',#1834,10.);
#519=VECTOR('',#1835,10.);
#520=VECTOR('',#1836,10.);
#521=VECTOR('',#1837,10.);
#522=VECTOR('',#1840,10.);
#523=VECTOR('',#1841,10.);
#524=VECTOR('',#1842,10.);
#525=VECTOR('',#1845,10.);
#526=VECTOR('',#1846,10.);
#527=VECTOR('',#1847,10.);
#528=VECTOR('',#1850,10.);
#529=VECTOR('',#1851,10.);
#530=VECTOR('',#1854,10.);
#531=VECTOR('',#1855,10.);
#532=VECTOR('',#1856,10.);
#533=VECTOR('',#1857,10.);
#534=VECTOR('',#1860,10.);
#535=VECTOR('',#1861,10.);
#536=VECTOR('',#1862,10.);
#537=VECTOR('',#1865,10.);
#538=VECTOR('',#1866,10.);
#539=VECTOR('',#1867,10.);
#540=VECTOR('',#1870,10.);
#541=VECTOR('',#1871,10.);
#542=VECTOR('',#1876,10.);
#543=VECTOR('',#1877,10.);
#544=VECTOR('',#1878,10.);
#545=VECTOR('',#1879,10.);
#546=VECTOR('',#1882,10.);
#547=VECTOR('',#1883,10.);
#548=VECTOR('',#1884,10.);
#549=VECTOR('',#1887,10.);
#550=VECTOR('',#1888,10.);
#551=VECTOR('',#1889,10.);
#552=VECTOR('',#1892,10.);
#553=VECTOR('',#1893,10.);
#554=VECTOR('',#1898,10.);
#555=VECTOR('',#1899,10.);
#556=VECTOR('',#1900,10.);
#557=VECTOR('',#1901,10.);
#558=VECTOR('',#1904,10.);
#559=VECTOR('',#1905,10.);
#560=VECTOR('',#1906,10.);
#561=VECTOR('',#1909,10.);
#562=VECTOR('',#1910,10.);
#563=VECTOR('',#1911,10.);
#564=VECTOR('',#1914,10.);
#565=VECTOR('',#1915,10.);
#566=VECTOR('',#1920,10.);
#567=VECTOR('',#1921,10.);
#568=VECTOR('',#1922,10.);
#569=VECTOR('',#1923,10.);
#570=VECTOR('',#1926,10.);
#571=VECTOR('',#1927,10.);
#572=VECTOR('',#1928,10.);
#573=VECTOR('',#1931,10.);
#574=VECTOR('',#1932,10.);
#575=VECTOR('',#1933,10.);
#576=VECTOR('',#1936,10.);
#577=VECTOR('',#1937,10.);
#578=VECTOR('',#1942,10.);
#579=VECTOR('',#1943,10.);
#580=VECTOR('',#1944,10.);
#581=VECTOR('',#1945,10.);
#582=VECTOR('',#1948,10.);
#583=VECTOR('',#1949,10.);
#584=VECTOR('',#1950,10.);
#585=VECTOR('',#1953,10.);
#586=VECTOR('',#1954,10.);
#587=VECTOR('',#1955,10.);
#588=VECTOR('',#1958,10.);
#589=VECTOR('',#1959,10.);
#590=VECTOR('',#1964,10.);
#591=VECTOR('',#1965,10.);
#592=VECTOR('',#1966,10.);
#593=VECTOR('',#1967,10.);
#594=VECTOR('',#1970,10.);
#595=VECTOR('',#1971,10.);
#596=VECTOR('',#1972,10.);
#597=VECTOR('',#1975,10.);
#598=VECTOR('',#1976,10.);
#599=VECTOR('',#1977,10.);
#600=VECTOR('',#1980,10.);
#601=VECTOR('',#1981,10.);
#602=VECTOR('',#1986,10.);
#603=VECTOR('',#1987,10.);
#604=VECTOR('',#1988,10.);
#605=VECTOR('',#1989,10.);
#606=VECTOR('',#1992,10.);
#607=VECTOR('',#1993,10.);
#608=VECTOR('',#1994,10.);
#609=VECTOR('',#1997,10.);
#610=VECTOR('',#1998,10.);
#611=VECTOR('',#1999,10.);
#612=VECTOR('',#2002,10.);
#613=VECTOR('',#2003,10.);
#614=VECTOR('',#2008,10.);
#615=VECTOR('',#2009,10.);
#616=VECTOR('',#2010,10.);
#617=VECTOR('',#2011,10.);
#618=VECTOR('',#2014,10.);
#619=VECTOR('',#2015,10.);
#620=VECTOR('',#2016,10.);
#621=VECTOR('',#2019,10.);
#622=VECTOR('',#2020,10.);
#623=VECTOR('',#2021,10.);
#624=VECTOR('',#2024,10.);
#625=VECTOR('',#2025,10.);
#626=VECTOR('',#2030,10.);
#627=VECTOR('',#2031,10.);
#628=VECTOR('',#2032,10.);
#629=VECTOR('',#2033,10.);
#630=VECTOR('',#2036,10.);
#631=VECTOR('',#2037,10.);
#632=VECTOR('',#2038,10.);
#633=VECTOR('',#2041,10.);
#634=VECTOR('',#2042,10.);
#635=VECTOR('',#2043,10.);
#636=VECTOR('',#2046,10.);
#637=VECTOR('',#2047,10.);
#638=VECTOR('',#2054,10.);
#639=VECTOR('',#2057,10.);
#640=VECTOR('',#2060,10.);
#641=VECTOR('',#2063,10.);
#642=VECTOR('',#2066,10.);
#643=VECTOR('',#2069,10.);
#644=VECTOR('',#2070,10.);
#645=VECTOR('',#2071,10.);
#646=VECTOR('',#2074,10.);
#647=VECTOR('',#2075,10.);
#648=VECTOR('',#2076,10.);
#649=VECTOR('',#2077,10.);
#650=VECTOR('',#2078,10.);
#651=VECTOR('',#2079,10.);
#652=VECTOR('',#2082,10.);
#653=VECTOR('',#2087,10.);
#654=VECTOR('',#2090,10.);
#655=VECTOR('',#2095,10.);
#656=VECTOR('',#2096,10.);
#657=VECTOR('',#2097,10.);
#658=VECTOR('',#2100,10.);
#659=VECTOR('',#2101,10.);
#660=VECTOR('',#2104,10.);
#661=VECTOR('',#2105,10.);
#662=VECTOR('',#2108,10.);
#663=VECTOR('',#2113,10.);
#664=VECTOR('',#2114,10.);
#665=VECTOR('',#2117,10.);
#666=VECTOR('',#2118,10.);
#667=VECTOR('',#2119,10.);
#668=VECTOR('',#2122,10.);
#669=VECTOR('',#2125,10.);
#670=VECTOR('',#2126,10.);
#671=VECTOR('',#2127,10.);
#672=VECTOR('',#2130,10.);
#673=VECTOR('',#2131,10.);
#674=VECTOR('',#2132,10.);
#675=VECTOR('',#2135,10.);
#676=VECTOR('',#2138,10.);
#677=VECTOR('',#2143,10.);
#678=VECTOR('',#2144,10.);
#679=VECTOR('',#2145,10.);
#680=VECTOR('',#2146,10.);
#681=VECTOR('',#2149,10.);
#682=VECTOR('',#2150,10.);
#683=VECTOR('',#2151,10.);
#684=VECTOR('',#2156,10.);
#685=VECTOR('',#2157,10.);
#686=VECTOR('',#2158,10.);
#687=VECTOR('',#2161,10.);
#688=VECTOR('',#2162,10.);
#689=VECTOR('',#2163,10.);
#690=VECTOR('',#2166,10.);
#691=VECTOR('',#2167,10.);
#692=VECTOR('',#2168,10.);
#693=VECTOR('',#2169,10.);
#694=VECTOR('',#2176,10.);
#695=VECTOR('',#2177,10.);
#696=VECTOR('',#2180,10.);
#697=VECTOR('',#2183,10.);
#698=CIRCLE('',#1637,2.05);
#699=CIRCLE('',#1638,2.05);
#700=CIRCLE('',#1640,1.2645);
#701=CIRCLE('',#1642,2.05);
#702=CIRCLE('',#1643,2.05);
#703=CIRCLE('',#1645,1.4);
#704=CIRCLE('',#1647,2.05);
#705=CIRCLE('',#1648,2.05);
#706=CIRCLE('',#1650,1.4);
#707=CIRCLE('',#1652,2.05);
#708=CIRCLE('',#1653,2.05);
#709=CIRCLE('',#1655,1.4);
#710=CIRCLE('',#1657,1.4);
#711=CIRCLE('',#1660,1.4);
#712=CIRCLE('',#1663,1.4);
#713=CIRCLE('',#1666,1.2645);
#714=CIRCLE('',#1718,10.);
#715=CIRCLE('',#1719,10.);
#716=CIRCLE('',#1721,7.5);
#717=CIRCLE('',#1722,5.);
#718=CIRCLE('',#1723,5.);
#719=CIRCLE('',#1726,7.5);
#720=CIRCLE('',#1727,7.5);
#721=CIRCLE('',#1728,7.5);
#722=CIRCLE('',#1729,7.5);
#723=CIRCLE('',#1733,5.);
#724=CIRCLE('',#1734,5.);
#725=CIRCLE('',#1737,5.);
#726=VERTEX_POINT('',#2191);
#727=VERTEX_POINT('',#2193);
#728=VERTEX_POINT('',#2197);
#729=VERTEX_POINT('',#2200);
#730=VERTEX_POINT('',#2202);
#731=VERTEX_POINT('',#2206);
#732=VERTEX_POINT('',#2209);
#733=VERTEX_POINT('',#2211);
#734=VERTEX_POINT('',#2215);
#735=VERTEX_POINT('',#2218);
#736=VERTEX_POINT('',#2220);
#737=VERTEX_POINT('',#2224);
#738=VERTEX_POINT('',#2227);
#739=VERTEX_POINT('',#2232);
#740=VERTEX_POINT('',#2237);
#741=VERTEX_POINT('',#2242);
#742=VERTEX_POINT('',#2247);
#743=VERTEX_POINT('',#2248);
#744=VERTEX_POINT('',#2250);
#745=VERTEX_POINT('',#2252);
#746=VERTEX_POINT('',#2256);
#747=VERTEX_POINT('',#2258);
#748=VERTEX_POINT('',#2262);
#749=VERTEX_POINT('',#2264);
#750=VERTEX_POINT('',#2271);
#751=VERTEX_POINT('',#2272);
#752=VERTEX_POINT('',#2274);
#753=VERTEX_POINT('',#2276);
#754=VERTEX_POINT('',#2280);
#755=VERTEX_POINT('',#2282);
#756=VERTEX_POINT('',#2286);
#757=VERTEX_POINT('',#2288);
#758=VERTEX_POINT('',#2296);
#759=VERTEX_POINT('',#2297);
#760=VERTEX_POINT('',#2299);
#761=VERTEX_POINT('',#2301);
#762=VERTEX_POINT('',#2305);
#763=VERTEX_POINT('',#2307);
#764=VERTEX_POINT('',#2311);
#765=VERTEX_POINT('',#2313);
#766=VERTEX_POINT('',#2321);
#767=VERTEX_POINT('',#2322);
#768=VERTEX_POINT('',#2324);
#769=VERTEX_POINT('',#2326);
#770=VERTEX_POINT('',#2330);
#771=VERTEX_POINT('',#2332);
#772=VERTEX_POINT('',#2336);
#773=VERTEX_POINT('',#2338);
#774=VERTEX_POINT('',#2346);
#775=VERTEX_POINT('',#2347);
#776=VERTEX_POINT('',#2349);
#777=VERTEX_POINT('',#2351);
#778=VERTEX_POINT('',#2355);
#779=VERTEX_POINT('',#2357);
#780=VERTEX_POINT('',#2361);
#781=VERTEX_POINT('',#2363);
#782=VERTEX_POINT('',#2371);
#783=VERTEX_POINT('',#2372);
#784=VERTEX_POINT('',#2374);
#785=VERTEX_POINT('',#2376);
#786=VERTEX_POINT('',#2380);
#787=VERTEX_POINT('',#2382);
#788=VERTEX_POINT('',#2386);
#789=VERTEX_POINT('',#2388);
#790=VERTEX_POINT('',#2396);
#791=VERTEX_POINT('',#2397);
#792=VERTEX_POINT('',#2399);
#793=VERTEX_POINT('',#2401);
#794=VERTEX_POINT('',#2405);
#795=VERTEX_POINT('',#2407);
#796=VERTEX_POINT('',#2411);
#797=VERTEX_POINT('',#2413);
#798=VERTEX_POINT('',#2421);
#799=VERTEX_POINT('',#2422);
#800=VERTEX_POINT('',#2424);
#801=VERTEX_POINT('',#2426);
#802=VERTEX_POINT('',#2430);
#803=VERTEX_POINT('',#2432);
#804=VERTEX_POINT('',#2436);
#805=VERTEX_POINT('',#2438);
#806=VERTEX_POINT('',#2446);
#807=VERTEX_POINT('',#2447);
#808=VERTEX_POINT('',#2449);
#809=VERTEX_POINT('',#2451);
#810=VERTEX_POINT('',#2455);
#811=VERTEX_POINT('',#2457);
#812=VERTEX_POINT('',#2461);
#813=VERTEX_POINT('',#2463);
#814=VERTEX_POINT('',#2471);
#815=VERTEX_POINT('',#2472);
#816=VERTEX_POINT('',#2474);
#817=VERTEX_POINT('',#2476);
#818=VERTEX_POINT('',#2480);
#819=VERTEX_POINT('',#2482);
#820=VERTEX_POINT('',#2486);
#821=VERTEX_POINT('',#2488);
#822=VERTEX_POINT('',#2496);
#823=VERTEX_POINT('',#2497);
#824=VERTEX_POINT('',#2499);
#825=VERTEX_POINT('',#2501);
#826=VERTEX_POINT('',#2505);
#827=VERTEX_POINT('',#2507);
#828=VERTEX_POINT('',#2509);
#829=VERTEX_POINT('',#2511);
#830=VERTEX_POINT('',#2513);
#831=VERTEX_POINT('',#2515);
#832=VERTEX_POINT('',#2517);
#833=VERTEX_POINT('',#2519);
#834=VERTEX_POINT('',#2523);
#835=VERTEX_POINT('',#2525);
#836=VERTEX_POINT('',#2527);
#837=VERTEX_POINT('',#2529);
#838=VERTEX_POINT('',#2531);
#839=VERTEX_POINT('',#2535);
#840=VERTEX_POINT('',#2536);
#841=VERTEX_POINT('',#2539);
#842=VERTEX_POINT('',#2541);
#843=VERTEX_POINT('',#2543);
#844=VERTEX_POINT('',#2548);
#845=VERTEX_POINT('',#2550);
#846=VERTEX_POINT('',#2554);
#847=VERTEX_POINT('',#2558);
#848=VERTEX_POINT('',#2560);
#849=VERTEX_POINT('',#2562);
#850=VERTEX_POINT('',#2564);
#851=VERTEX_POINT('',#2568);
#852=VERTEX_POINT('',#2572);
#853=VERTEX_POINT('',#2574);
#854=VERTEX_POINT('',#2576);
#855=VERTEX_POINT('',#2578);
#856=VERTEX_POINT('',#2582);
#857=VERTEX_POINT('',#2584);
#858=VERTEX_POINT('',#2597);
#859=VERTEX_POINT('',#2598);
#860=VERTEX_POINT('',#2600);
#861=VERTEX_POINT('',#2602);
#862=VERTEX_POINT('',#2606);
#863=VERTEX_POINT('',#2608);
#864=VERTEX_POINT('',#2613);
#865=VERTEX_POINT('',#2615);
#866=VERTEX_POINT('',#2619);
#867=VERTEX_POINT('',#2621);
#868=VERTEX_POINT('',#2625);
#869=VERTEX_POINT('',#2633);
#870=EDGE_CURVE('',#726,#726,#698,.T.);
#871=EDGE_CURVE('',#726,#727,#322,.T.);
#872=EDGE_CURVE('',#727,#727,#699,.T.);
#873=EDGE_CURVE('',#728,#728,#700,.T.);
#874=EDGE_CURVE('',#729,#729,#701,.T.);
#875=EDGE_CURVE('',#729,#730,#323,.T.);
#876=EDGE_CURVE('',#730,#730,#702,.T.);
#877=EDGE_CURVE('',#731,#731,#703,.T.);
#878=EDGE_CURVE('',#732,#732,#704,.T.);
#879=EDGE_CURVE('',#732,#733,#324,.T.);
#880=EDGE_CURVE('',#733,#733,#705,.T.);
#881=EDGE_CURVE('',#734,#734,#706,.T.);
#882=EDGE_CURVE('',#735,#735,#707,.T.);
#883=EDGE_CURVE('',#735,#736,#325,.T.);
#884=EDGE_CURVE('',#736,#736,#708,.T.);
#885=EDGE_CURVE('',#737,#737,#709,.T.);
#886=EDGE_CURVE('',#731,#738,#326,.T.);
#887=EDGE_CURVE('',#738,#738,#710,.T.);
#888=EDGE_CURVE('',#737,#739,#327,.T.);
#889=EDGE_CURVE('',#739,#739,#711,.T.);
#890=EDGE_CURVE('',#734,#740,#328,.T.);
#891=EDGE_CURVE('',#740,#740,#712,.T.);
#892=EDGE_CURVE('',#728,#741,#329,.T.);
#893=EDGE_CURVE('',#741,#741,#713,.T.);
#894=EDGE_CURVE('',#742,#743,#330,.T.);
#895=EDGE_CURVE('',#744,#742,#331,.T.);
#896=EDGE_CURVE('',#745,#744,#332,.T.);
#897=EDGE_CURVE('',#745,#743,#333,.T.);
#898=EDGE_CURVE('',#743,#746,#334,.T.);
#899=EDGE_CURVE('',#747,#745,#335,.T.);
#900=EDGE_CURVE('',#747,#746,#336,.T.);
#901=EDGE_CURVE('',#746,#748,#337,.T.);
#902=EDGE_CURVE('',#749,#747,#338,.T.);
#903=EDGE_CURVE('',#749,#748,#339,.T.);
#904=EDGE_CURVE('',#748,#742,#340,.T.);
#905=EDGE_CURVE('',#744,#749,#341,.T.);
#906=EDGE_CURVE('',#750,#751,#342,.T.);
#907=EDGE_CURVE('',#750,#752,#343,.T.);
#908=EDGE_CURVE('',#752,#753,#344,.T.);
#909=EDGE_CURVE('',#751,#753,#345,.T.);
#910=EDGE_CURVE('',#754,#750,#346,.T.);
#911=EDGE_CURVE('',#754,#755,#347,.T.);
#912=EDGE_CURVE('',#755,#752,#348,.T.);
#913=EDGE_CURVE('',#756,#754,#349,.T.);
#914=EDGE_CURVE('',#756,#757,#350,.T.);
#915=EDGE_CURVE('',#757,#755,#351,.T.);
#916=EDGE_CURVE('',#751,#756,#352,.T.);
#917=EDGE_CURVE('',#753,#757,#353,.T.);
#918=EDGE_CURVE('',#758,#759,#354,.T.);
#919=EDGE_CURVE('',#758,#760,#355,.T.);
#920=EDGE_CURVE('',#760,#761,#356,.T.);
#921=EDGE_CURVE('',#759,#761,#357,.T.);
#922=EDGE_CURVE('',#762,#758,#358,.T.);
#923=EDGE_CURVE('',#762,#763,#359,.T.);
#924=EDGE_CURVE('',#763,#760,#360,.T.);
#925=EDGE_CURVE('',#764,#762,#361,.T.);
#926=EDGE_CURVE('',#764,#765,#362,.T.);
#927=EDGE_CURVE('',#765,#763,#363,.T.);
#928=EDGE_CURVE('',#759,#764,#364,.T.);
#929=EDGE_CURVE('',#761,#765,#365,.T.);
#930=EDGE_CURVE('',#766,#767,#366,.T.);
#931=EDGE_CURVE('',#766,#768,#367,.T.);
#932=EDGE_CURVE('',#768,#769,#368,.T.);
#933=EDGE_CURVE('',#767,#769,#369,.T.);
#934=EDGE_CURVE('',#770,#766,#370,.T.);
#935=EDGE_CURVE('',#770,#771,#371,.T.);
#936=EDGE_CURVE('',#771,#768,#372,.T.);
#937=EDGE_CURVE('',#772,#770,#373,.T.);
#938=EDGE_CURVE('',#772,#773,#374,.T.);
#939=EDGE_CURVE('',#773,#771,#375,.T.);
#940=EDGE_CURVE('',#767,#772,#376,.T.);
#941=EDGE_CURVE('',#769,#773,#377,.T.);
#942=EDGE_CURVE('',#774,#775,#378,.T.);
#943=EDGE_CURVE('',#774,#776,#379,.T.);
#944=EDGE_CURVE('',#776,#777,#380,.T.);
#945=EDGE_CURVE('',#775,#777,#381,.T.);
#946=EDGE_CURVE('',#778,#774,#382,.T.);
#947=EDGE_CURVE('',#778,#779,#383,.T.);
#948=EDGE_CURVE('',#779,#776,#384,.T.);
#949=EDGE_CURVE('',#780,#778,#385,.T.);
#950=EDGE_CURVE('',#780,#781,#386,.T.);
#951=EDGE_CURVE('',#781,#779,#387,.T.);
#952=EDGE_CURVE('',#775,#780,#388,.T.);
#953=EDGE_CURVE('',#777,#781,#389,.T.);
#954=EDGE_CURVE('',#782,#783,#390,.T.);
#955=EDGE_CURVE('',#782,#784,#391,.T.);
#956=EDGE_CURVE('',#784,#785,#392,.T.);
#957=EDGE_CURVE('',#783,#785,#393,.T.);
#958=EDGE_CURVE('',#786,#782,#394,.T.);
#959=EDGE_CURVE('',#786,#787,#395,.T.);
#960=EDGE_CURVE('',#787,#784,#396,.T.);
#961=EDGE_CURVE('',#788,#786,#397,.T.);
#962=EDGE_CURVE('',#788,#789,#398,.T.);
#963=EDGE_CURVE('',#789,#787,#399,.T.);
#964=EDGE_CURVE('',#783,#788,#400,.T.);
#965=EDGE_CURVE('',#785,#789,#401,.T.);
#966=EDGE_CURVE('',#790,#791,#402,.T.);
#967=EDGE_CURVE('',#790,#792,#403,.T.);
#968=EDGE_CURVE('',#792,#793,#404,.T.);
#969=EDGE_CURVE('',#791,#793,#405,.T.);
#970=EDGE_CURVE('',#794,#790,#406,.T.);
#971=EDGE_CURVE('',#794,#795,#407,.T.);
#972=EDGE_CURVE('',#795,#792,#408,.T.);
#973=EDGE_CURVE('',#796,#794,#409,.T.);
#974=EDGE_CURVE('',#796,#797,#410,.T.);
#975=EDGE_CURVE('',#797,#795,#411,.T.);
#976=EDGE_CURVE('',#791,#796,#412,.T.);
#977=EDGE_CURVE('',#793,#797,#413,.T.);
#978=EDGE_CURVE('',#798,#799,#414,.T.);
#979=EDGE_CURVE('',#798,#800,#415,.T.);
#980=EDGE_CURVE('',#800,#801,#416,.T.);
#981=EDGE_CURVE('',#799,#801,#417,.T.);
#982=EDGE_CURVE('',#802,#798,#418,.T.);
#983=EDGE_CURVE('',#802,#803,#419,.T.);
#984=EDGE_CURVE('',#803,#800,#420,.T.);
#985=EDGE_CURVE('',#804,#802,#421,.T.);
#986=EDGE_CURVE('',#804,#805,#422,.T.);
#987=EDGE_CURVE('',#805,#803,#423,.T.);
#988=EDGE_CURVE('',#799,#804,#424,.T.);
#989=EDGE_CURVE('',#801,#805,#425,.T.);
#990=EDGE_CURVE('',#806,#807,#426,.T.);
#991=EDGE_CURVE('',#806,#808,#427,.T.);
#992=EDGE_CURVE('',#808,#809,#428,.T.);
#993=EDGE_CURVE('',#807,#809,#429,.T.);
#994=EDGE_CURVE('',#810,#806,#430,.T.);
#995=EDGE_CURVE('',#810,#811,#431,.T.);
#996=EDGE_CURVE('',#811,#808,#432,.T.);
#997=EDGE_CURVE('',#812,#810,#433,.T.);
#998=EDGE_CURVE('',#812,#813,#434,.T.);
#999=EDGE_CURVE('',#813,#811,#435,.T.);
#1000=EDGE_CURVE('',#807,#812,#436,.T.);
#1001=EDGE_CURVE('',#809,#813,#437,.T.);
#1002=EDGE_CURVE('',#814,#815,#438,.T.);
#1003=EDGE_CURVE('',#814,#816,#439,.T.);
#1004=EDGE_CURVE('',#816,#817,#440,.T.);
#1005=EDGE_CURVE('',#815,#817,#441,.T.);
#1006=EDGE_CURVE('',#818,#814,#442,.T.);
#1007=EDGE_CURVE('',#818,#819,#443,.T.);
#1008=EDGE_CURVE('',#819,#816,#444,.T.);
#1009=EDGE_CURVE('',#820,#818,#445,.T.);
#1010=EDGE_CURVE('',#820,#821,#446,.T.);
#1011=EDGE_CURVE('',#821,#819,#447,.T.);
#1012=EDGE_CURVE('',#815,#820,#448,.T.);
#1013=EDGE_CURVE('',#817,#821,#449,.T.);
#1014=EDGE_CURVE('',#822,#823,#714,.T.);
#1015=EDGE_CURVE('',#823,#824,#450,.T.);
#1016=EDGE_CURVE('',#824,#825,#715,.T.);
#1017=EDGE_CURVE('',#825,#822,#451,.T.);
#1018=EDGE_CURVE('',#826,#824,#452,.T.);
#1019=EDGE_CURVE('',#827,#826,#716,.T.);
#1020=EDGE_CURVE('',#827,#828,#453,.T.);
#1021=EDGE_CURVE('',#829,#828,#717,.T.);
#1022=EDGE_CURVE('',#829,#830,#454,.T.);
#1023=EDGE_CURVE('',#831,#830,#718,.T.);
#1024=EDGE_CURVE('',#832,#831,#455,.T.);
#1025=EDGE_CURVE('',#833,#832,#456,.T.);
#1026=EDGE_CURVE('',#833,#825,#457,.T.);
#1027=EDGE_CURVE('',#823,#834,#458,.T.);
#1028=EDGE_CURVE('',#835,#834,#459,.T.);
#1029=EDGE_CURVE('',#835,#836,#460,.T.);
#1030=EDGE_CURVE('',#836,#837,#461,.T.);
#1031=EDGE_CURVE('',#837,#838,#462,.T.);
#1032=EDGE_CURVE('',#826,#838,#463,.T.);
#1033=EDGE_CURVE('',#839,#840,#464,.T.);
#1034=EDGE_CURVE('',#840,#835,#719,.T.);
#1035=EDGE_CURVE('',#834,#841,#720,.T.);
#1036=EDGE_CURVE('',#841,#842,#465,.T.);
#1037=EDGE_CURVE('',#842,#843,#721,.T.);
#1038=EDGE_CURVE('',#843,#827,#466,.T.);
#1039=EDGE_CURVE('',#838,#839,#722,.T.);
#1040=EDGE_CURVE('',#844,#837,#467,.T.);
#1041=EDGE_CURVE('',#844,#845,#468,.T.);
#1042=EDGE_CURVE('',#845,#839,#469,.T.);
#1043=EDGE_CURVE('',#846,#843,#470,.T.);
#1044=EDGE_CURVE('',#828,#846,#471,.T.);
#1045=EDGE_CURVE('',#847,#842,#472,.T.);
#1046=EDGE_CURVE('',#848,#847,#473,.T.);
#1047=EDGE_CURVE('',#849,#848,#723,.T.);
#1048=EDGE_CURVE('',#849,#850,#474,.T.);
#1049=EDGE_CURVE('',#846,#850,#724,.T.);
#1050=EDGE_CURVE('',#851,#841,#475,.T.);
#1051=EDGE_CURVE('',#847,#851,#476,.T.);
#1052=EDGE_CURVE('',#852,#822,#477,.T.);
#1053=EDGE_CURVE('',#853,#852,#478,.T.);
#1054=EDGE_CURVE('',#853,#854,#479,.T.);
#1055=EDGE_CURVE('',#855,#854,#725,.T.);
#1056=EDGE_CURVE('',#855,#851,#480,.T.);
#1057=EDGE_CURVE('',#856,#840,#481,.T.);
#1058=EDGE_CURVE('',#857,#856,#482,.T.);
#1059=EDGE_CURVE('',#857,#836,#483,.T.);
#1060=EDGE_CURVE('',#854,#831,#484,.T.);
#1061=EDGE_CURVE('',#830,#849,#485,.T.);
#1062=EDGE_CURVE('',#848,#855,#486,.T.);
#1063=EDGE_CURVE('',#850,#829,#487,.T.);
#1064=EDGE_CURVE('',#832,#853,#488,.T.);
#1065=EDGE_CURVE('',#858,#859,#489,.T.);
#1066=EDGE_CURVE('',#860,#858,#490,.T.);
#1067=EDGE_CURVE('',#861,#860,#491,.T.);
#1068=EDGE_CURVE('',#859,#861,#492,.T.);
#1069=EDGE_CURVE('',#859,#862,#493,.T.);
#1070=EDGE_CURVE('',#863,#861,#494,.T.);
#1071=EDGE_CURVE('',#862,#863,#495,.T.);
#1072=EDGE_CURVE('',#864,#858,#496,.T.);
#1073=EDGE_CURVE('',#864,#865,#497,.T.);
#1074=EDGE_CURVE('',#865,#860,#498,.T.);
#1075=EDGE_CURVE('',#866,#862,#499,.T.);
#1076=EDGE_CURVE('',#867,#866,#500,.T.);
#1077=EDGE_CURVE('',#867,#864,#501,.T.);
#1078=EDGE_CURVE('',#863,#868,#502,.T.);
#1079=EDGE_CURVE('',#868,#866,#503,.T.);
#1080=EDGE_CURVE('',#845,#856,#504,.T.);
#1081=EDGE_CURVE('',#857,#844,#505,.T.);
#1082=EDGE_CURVE('',#865,#869,#506,.T.);
#1083=EDGE_CURVE('',#869,#868,#507,.T.);
#1084=EDGE_CURVE('',#869,#867,#508,.T.);
#1085=EDGE_CURVE('',#852,#833,#509,.T.);
#1086=ORIENTED_EDGE('',*,*,#870,.F.);
#1087=ORIENTED_EDGE('',*,*,#871,.T.);
#1088=ORIENTED_EDGE('',*,*,#872,.T.);
#1089=ORIENTED_EDGE('',*,*,#871,.F.);
#1090=ORIENTED_EDGE('',*,*,#872,.F.);
#1091=ORIENTED_EDGE('',*,*,#873,.F.);
#1092=ORIENTED_EDGE('',*,*,#874,.F.);
#1093=ORIENTED_EDGE('',*,*,#875,.T.);
#1094=ORIENTED_EDGE('',*,*,#876,.T.);
#1095=ORIENTED_EDGE('',*,*,#875,.F.);
#1096=ORIENTED_EDGE('',*,*,#876,.F.);
#1097=ORIENTED_EDGE('',*,*,#877,.F.);
#1098=ORIENTED_EDGE('',*,*,#878,.F.);
#1099=ORIENTED_EDGE('',*,*,#879,.T.);
#1100=ORIENTED_EDGE('',*,*,#880,.T.);
#1101=ORIENTED_EDGE('',*,*,#879,.F.);
#1102=ORIENTED_EDGE('',*,*,#880,.F.);
#1103=ORIENTED_EDGE('',*,*,#881,.F.);
#1104=ORIENTED_EDGE('',*,*,#882,.F.);
#1105=ORIENTED_EDGE('',*,*,#883,.T.);
#1106=ORIENTED_EDGE('',*,*,#884,.T.);
#1107=ORIENTED_EDGE('',*,*,#883,.F.);
#1108=ORIENTED_EDGE('',*,*,#884,.F.);
#1109=ORIENTED_EDGE('',*,*,#885,.F.);
#1110=ORIENTED_EDGE('',*,*,#877,.T.);
#1111=ORIENTED_EDGE('',*,*,#886,.T.);
#1112=ORIENTED_EDGE('',*,*,#887,.T.);
#1113=ORIENTED_EDGE('',*,*,#886,.F.);
#1114=ORIENTED_EDGE('',*,*,#887,.F.);
#1115=ORIENTED_EDGE('',*,*,#885,.T.);
#1116=ORIENTED_EDGE('',*,*,#888,.T.);
#1117=ORIENTED_EDGE('',*,*,#889,.T.);
#1118=ORIENTED_EDGE('',*,*,#888,.F.);
#1119=ORIENTED_EDGE('',*,*,#889,.F.);
#1120=ORIENTED_EDGE('',*,*,#881,.T.);
#1121=ORIENTED_EDGE('',*,*,#890,.T.);
#1122=ORIENTED_EDGE('',*,*,#891,.T.);
#1123=ORIENTED_EDGE('',*,*,#890,.F.);
#1124=ORIENTED_EDGE('',*,*,#891,.F.);
#1125=ORIENTED_EDGE('',*,*,#873,.T.);
#1126=ORIENTED_EDGE('',*,*,#892,.T.);
#1127=ORIENTED_EDGE('',*,*,#893,.T.);
#1128=ORIENTED_EDGE('',*,*,#892,.F.);
#1129=ORIENTED_EDGE('',*,*,#893,.F.);
#1130=ORIENTED_EDGE('',*,*,#894,.F.);
#1131=ORIENTED_EDGE('',*,*,#895,.F.);
#1132=ORIENTED_EDGE('',*,*,#896,.F.);
#1133=ORIENTED_EDGE('',*,*,#897,.T.);
#1134=ORIENTED_EDGE('',*,*,#898,.F.);
#1135=ORIENTED_EDGE('',*,*,#897,.F.);
#1136=ORIENTED_EDGE('',*,*,#899,.F.);
#1137=ORIENTED_EDGE('',*,*,#900,.T.);
#1138=ORIENTED_EDGE('',*,*,#901,.F.);
#1139=ORIENTED_EDGE('',*,*,#900,.F.);
#1140=ORIENTED_EDGE('',*,*,#902,.F.);
#1141=ORIENTED_EDGE('',*,*,#903,.T.);
#1142=ORIENTED_EDGE('',*,*,#904,.F.);
#1143=ORIENTED_EDGE('',*,*,#903,.F.);
#1144=ORIENTED_EDGE('',*,*,#905,.F.);
#1145=ORIENTED_EDGE('',*,*,#895,.T.);
#1146=ORIENTED_EDGE('',*,*,#906,.F.);
#1147=ORIENTED_EDGE('',*,*,#907,.T.);
#1148=ORIENTED_EDGE('',*,*,#908,.T.);
#1149=ORIENTED_EDGE('',*,*,#909,.F.);
#1150=ORIENTED_EDGE('',*,*,#910,.F.);
#1151=ORIENTED_EDGE('',*,*,#911,.T.);
#1152=ORIENTED_EDGE('',*,*,#912,.T.);
#1153=ORIENTED_EDGE('',*,*,#907,.F.);
#1154=ORIENTED_EDGE('',*,*,#913,.F.);
#1155=ORIENTED_EDGE('',*,*,#914,.T.);
#1156=ORIENTED_EDGE('',*,*,#915,.T.);
#1157=ORIENTED_EDGE('',*,*,#911,.F.);
#1158=ORIENTED_EDGE('',*,*,#916,.F.);
#1159=ORIENTED_EDGE('',*,*,#909,.T.);
#1160=ORIENTED_EDGE('',*,*,#917,.T.);
#1161=ORIENTED_EDGE('',*,*,#914,.F.);
#1162=ORIENTED_EDGE('',*,*,#917,.F.);
#1163=ORIENTED_EDGE('',*,*,#908,.F.);
#1164=ORIENTED_EDGE('',*,*,#912,.F.);
#1165=ORIENTED_EDGE('',*,*,#915,.F.);
#1166=ORIENTED_EDGE('',*,*,#918,.F.);
#1167=ORIENTED_EDGE('',*,*,#919,.T.);
#1168=ORIENTED_EDGE('',*,*,#920,.T.);
#1169=ORIENTED_EDGE('',*,*,#921,.F.);
#1170=ORIENTED_EDGE('',*,*,#922,.F.);
#1171=ORIENTED_EDGE('',*,*,#923,.T.);
#1172=ORIENTED_EDGE('',*,*,#924,.T.);
#1173=ORIENTED_EDGE('',*,*,#919,.F.);
#1174=ORIENTED_EDGE('',*,*,#925,.F.);
#1175=ORIENTED_EDGE('',*,*,#926,.T.);
#1176=ORIENTED_EDGE('',*,*,#927,.T.);
#1177=ORIENTED_EDGE('',*,*,#923,.F.);
#1178=ORIENTED_EDGE('',*,*,#928,.F.);
#1179=ORIENTED_EDGE('',*,*,#921,.T.);
#1180=ORIENTED_EDGE('',*,*,#929,.T.);
#1181=ORIENTED_EDGE('',*,*,#926,.F.);
#1182=ORIENTED_EDGE('',*,*,#929,.F.);
#1183=ORIENTED_EDGE('',*,*,#920,.F.);
#1184=ORIENTED_EDGE('',*,*,#924,.F.);
#1185=ORIENTED_EDGE('',*,*,#927,.F.);
#1186=ORIENTED_EDGE('',*,*,#930,.F.);
#1187=ORIENTED_EDGE('',*,*,#931,.T.);
#1188=ORIENTED_EDGE('',*,*,#932,.T.);
#1189=ORIENTED_EDGE('',*,*,#933,.F.);
#1190=ORIENTED_EDGE('',*,*,#934,.F.);
#1191=ORIENTED_EDGE('',*,*,#935,.T.);
#1192=ORIENTED_EDGE('',*,*,#936,.T.);
#1193=ORIENTED_EDGE('',*,*,#931,.F.);
#1194=ORIENTED_EDGE('',*,*,#937,.F.);
#1195=ORIENTED_EDGE('',*,*,#938,.T.);
#1196=ORIENTED_EDGE('',*,*,#939,.T.);
#1197=ORIENTED_EDGE('',*,*,#935,.F.);
#1198=ORIENTED_EDGE('',*,*,#940,.F.);
#1199=ORIENTED_EDGE('',*,*,#933,.T.);
#1200=ORIENTED_EDGE('',*,*,#941,.T.);
#1201=ORIENTED_EDGE('',*,*,#938,.F.);
#1202=ORIENTED_EDGE('',*,*,#941,.F.);
#1203=ORIENTED_EDGE('',*,*,#932,.F.);
#1204=ORIENTED_EDGE('',*,*,#936,.F.);
#1205=ORIENTED_EDGE('',*,*,#939,.F.);
#1206=ORIENTED_EDGE('',*,*,#942,.F.);
#1207=ORIENTED_EDGE('',*,*,#943,.T.);
#1208=ORIENTED_EDGE('',*,*,#944,.T.);
#1209=ORIENTED_EDGE('',*,*,#945,.F.);
#1210=ORIENTED_EDGE('',*,*,#946,.F.);
#1211=ORIENTED_EDGE('',*,*,#947,.T.);
#1212=ORIENTED_EDGE('',*,*,#948,.T.);
#1213=ORIENTED_EDGE('',*,*,#943,.F.);
#1214=ORIENTED_EDGE('',*,*,#949,.F.);
#1215=ORIENTED_EDGE('',*,*,#950,.T.);
#1216=ORIENTED_EDGE('',*,*,#951,.T.);
#1217=ORIENTED_EDGE('',*,*,#947,.F.);
#1218=ORIENTED_EDGE('',*,*,#952,.F.);
#1219=ORIENTED_EDGE('',*,*,#945,.T.);
#1220=ORIENTED_EDGE('',*,*,#953,.T.);
#1221=ORIENTED_EDGE('',*,*,#950,.F.);
#1222=ORIENTED_EDGE('',*,*,#953,.F.);
#1223=ORIENTED_EDGE('',*,*,#944,.F.);
#1224=ORIENTED_EDGE('',*,*,#948,.F.);
#1225=ORIENTED_EDGE('',*,*,#951,.F.);
#1226=ORIENTED_EDGE('',*,*,#954,.F.);
#1227=ORIENTED_EDGE('',*,*,#955,.T.);
#1228=ORIENTED_EDGE('',*,*,#956,.T.);
#1229=ORIENTED_EDGE('',*,*,#957,.F.);
#1230=ORIENTED_EDGE('',*,*,#958,.F.);
#1231=ORIENTED_EDGE('',*,*,#959,.T.);
#1232=ORIENTED_EDGE('',*,*,#960,.T.);
#1233=ORIENTED_EDGE('',*,*,#955,.F.);
#1234=ORIENTED_EDGE('',*,*,#961,.F.);
#1235=ORIENTED_EDGE('',*,*,#962,.T.);
#1236=ORIENTED_EDGE('',*,*,#963,.T.);
#1237=ORIENTED_EDGE('',*,*,#959,.F.);
#1238=ORIENTED_EDGE('',*,*,#964,.F.);
#1239=ORIENTED_EDGE('',*,*,#957,.T.);
#1240=ORIENTED_EDGE('',*,*,#965,.T.);
#1241=ORIENTED_EDGE('',*,*,#962,.F.);
#1242=ORIENTED_EDGE('',*,*,#965,.F.);
#1243=ORIENTED_EDGE('',*,*,#956,.F.);
#1244=ORIENTED_EDGE('',*,*,#960,.F.);
#1245=ORIENTED_EDGE('',*,*,#963,.F.);
#1246=ORIENTED_EDGE('',*,*,#966,.F.);
#1247=ORIENTED_EDGE('',*,*,#967,.T.);
#1248=ORIENTED_EDGE('',*,*,#968,.T.);
#1249=ORIENTED_EDGE('',*,*,#969,.F.);
#1250=ORIENTED_EDGE('',*,*,#970,.F.);
#1251=ORIENTED_EDGE('',*,*,#971,.T.);
#1252=ORIENTED_EDGE('',*,*,#972,.T.);
#1253=ORIENTED_EDGE('',*,*,#967,.F.);
#1254=ORIENTED_EDGE('',*,*,#973,.F.);
#1255=ORIENTED_EDGE('',*,*,#974,.T.);
#1256=ORIENTED_EDGE('',*,*,#975,.T.);
#1257=ORIENTED_EDGE('',*,*,#971,.F.);
#1258=ORIENTED_EDGE('',*,*,#976,.F.);
#1259=ORIENTED_EDGE('',*,*,#969,.T.);
#1260=ORIENTED_EDGE('',*,*,#977,.T.);
#1261=ORIENTED_EDGE('',*,*,#974,.F.);
#1262=ORIENTED_EDGE('',*,*,#977,.F.);
#1263=ORIENTED_EDGE('',*,*,#968,.F.);
#1264=ORIENTED_EDGE('',*,*,#972,.F.);
#1265=ORIENTED_EDGE('',*,*,#975,.F.);
#1266=ORIENTED_EDGE('',*,*,#978,.F.);
#1267=ORIENTED_EDGE('',*,*,#979,.T.);
#1268=ORIENTED_EDGE('',*,*,#980,.T.);
#1269=ORIENTED_EDGE('',*,*,#981,.F.);
#1270=ORIENTED_EDGE('',*,*,#982,.F.);
#1271=ORIENTED_EDGE('',*,*,#983,.T.);
#1272=ORIENTED_EDGE('',*,*,#984,.T.);
#1273=ORIENTED_EDGE('',*,*,#979,.F.);
#1274=ORIENTED_EDGE('',*,*,#985,.F.);
#1275=ORIENTED_EDGE('',*,*,#986,.T.);
#1276=ORIENTED_EDGE('',*,*,#987,.T.);
#1277=ORIENTED_EDGE('',*,*,#983,.F.);
#1278=ORIENTED_EDGE('',*,*,#988,.F.);
#1279=ORIENTED_EDGE('',*,*,#981,.T.);
#1280=ORIENTED_EDGE('',*,*,#989,.T.);
#1281=ORIENTED_EDGE('',*,*,#986,.F.);
#1282=ORIENTED_EDGE('',*,*,#989,.F.);
#1283=ORIENTED_EDGE('',*,*,#980,.F.);
#1284=ORIENTED_EDGE('',*,*,#984,.F.);
#1285=ORIENTED_EDGE('',*,*,#987,.F.);
#1286=ORIENTED_EDGE('',*,*,#990,.F.);
#1287=ORIENTED_EDGE('',*,*,#991,.T.);
#1288=ORIENTED_EDGE('',*,*,#992,.T.);
#1289=ORIENTED_EDGE('',*,*,#993,.F.);
#1290=ORIENTED_EDGE('',*,*,#994,.F.);
#1291=ORIENTED_EDGE('',*,*,#995,.T.);
#1292=ORIENTED_EDGE('',*,*,#996,.T.);
#1293=ORIENTED_EDGE('',*,*,#991,.F.);
#1294=ORIENTED_EDGE('',*,*,#997,.F.);
#1295=ORIENTED_EDGE('',*,*,#998,.T.);
#1296=ORIENTED_EDGE('',*,*,#999,.T.);
#1297=ORIENTED_EDGE('',*,*,#995,.F.);
#1298=ORIENTED_EDGE('',*,*,#1000,.F.);
#1299=ORIENTED_EDGE('',*,*,#993,.T.);
#1300=ORIENTED_EDGE('',*,*,#1001,.T.);
#1301=ORIENTED_EDGE('',*,*,#998,.F.);
#1302=ORIENTED_EDGE('',*,*,#1001,.F.);
#1303=ORIENTED_EDGE('',*,*,#992,.F.);
#1304=ORIENTED_EDGE('',*,*,#996,.F.);
#1305=ORIENTED_EDGE('',*,*,#999,.F.);
#1306=ORIENTED_EDGE('',*,*,#1002,.F.);
#1307=ORIENTED_EDGE('',*,*,#1003,.T.);
#1308=ORIENTED_EDGE('',*,*,#1004,.T.);
#1309=ORIENTED_EDGE('',*,*,#1005,.F.);
#1310=ORIENTED_EDGE('',*,*,#1006,.F.);
#1311=ORIENTED_EDGE('',*,*,#1007,.T.);
#1312=ORIENTED_EDGE('',*,*,#1008,.T.);
#1313=ORIENTED_EDGE('',*,*,#1003,.F.);
#1314=ORIENTED_EDGE('',*,*,#1009,.F.);
#1315=ORIENTED_EDGE('',*,*,#1010,.T.);
#1316=ORIENTED_EDGE('',*,*,#1011,.T.);
#1317=ORIENTED_EDGE('',*,*,#1007,.F.);
#1318=ORIENTED_EDGE('',*,*,#1012,.F.);
#1319=ORIENTED_EDGE('',*,*,#1005,.T.);
#1320=ORIENTED_EDGE('',*,*,#1013,.T.);
#1321=ORIENTED_EDGE('',*,*,#1010,.F.);
#1322=ORIENTED_EDGE('',*,*,#1013,.F.);
#1323=ORIENTED_EDGE('',*,*,#1004,.F.);
#1324=ORIENTED_EDGE('',*,*,#1008,.F.);
#1325=ORIENTED_EDGE('',*,*,#1011,.F.);
#1326=ORIENTED_EDGE('',*,*,#1014,.T.);
#1327=ORIENTED_EDGE('',*,*,#1015,.T.);
#1328=ORIENTED_EDGE('',*,*,#1016,.T.);
#1329=ORIENTED_EDGE('',*,*,#1017,.T.);
#1330=ORIENTED_EDGE('',*,*,#1016,.F.);
#1331=ORIENTED_EDGE('',*,*,#1018,.F.);
#1332=ORIENTED_EDGE('',*,*,#1019,.F.);
#1333=ORIENTED_EDGE('',*,*,#1020,.T.);
#1334=ORIENTED_EDGE('',*,*,#1021,.F.);
#1335=ORIENTED_EDGE('',*,*,#1022,.T.);
#1336=ORIENTED_EDGE('',*,*,#1023,.F.);
#1337=ORIENTED_EDGE('',*,*,#1024,.F.);
#1338=ORIENTED_EDGE('',*,*,#1025,.F.);
#1339=ORIENTED_EDGE('',*,*,#1026,.T.);
#1340=ORIENTED_EDGE('',*,*,#1015,.F.);
#1341=ORIENTED_EDGE('',*,*,#1027,.T.);
#1342=ORIENTED_EDGE('',*,*,#1028,.F.);
#1343=ORIENTED_EDGE('',*,*,#1029,.T.);
#1344=ORIENTED_EDGE('',*,*,#1030,.T.);
#1345=ORIENTED_EDGE('',*,*,#1031,.T.);
#1346=ORIENTED_EDGE('',*,*,#1032,.F.);
#1347=ORIENTED_EDGE('',*,*,#1018,.T.);
#1348=ORIENTED_EDGE('',*,*,#902,.T.);
#1349=ORIENTED_EDGE('',*,*,#899,.T.);
#1350=ORIENTED_EDGE('',*,*,#896,.T.);
#1351=ORIENTED_EDGE('',*,*,#905,.T.);
#1352=ORIENTED_EDGE('',*,*,#1033,.T.);
#1353=ORIENTED_EDGE('',*,*,#1034,.T.);
#1354=ORIENTED_EDGE('',*,*,#1028,.T.);
#1355=ORIENTED_EDGE('',*,*,#1035,.T.);
#1356=ORIENTED_EDGE('',*,*,#1036,.T.);
#1357=ORIENTED_EDGE('',*,*,#1037,.T.);
#1358=ORIENTED_EDGE('',*,*,#1038,.T.);
#1359=ORIENTED_EDGE('',*,*,#1019,.T.);
#1360=ORIENTED_EDGE('',*,*,#1032,.T.);
#1361=ORIENTED_EDGE('',*,*,#1039,.T.);
#1362=ORIENTED_EDGE('',*,*,#1039,.F.);
#1363=ORIENTED_EDGE('',*,*,#1031,.F.);
#1364=ORIENTED_EDGE('',*,*,#1040,.F.);
#1365=ORIENTED_EDGE('',*,*,#1041,.T.);
#1366=ORIENTED_EDGE('',*,*,#1042,.T.);
#1367=ORIENTED_EDGE('',*,*,#1038,.F.);
#1368=ORIENTED_EDGE('',*,*,#1043,.F.);
#1369=ORIENTED_EDGE('',*,*,#1044,.F.);
#1370=ORIENTED_EDGE('',*,*,#1020,.F.);
#1371=ORIENTED_EDGE('',*,*,#1037,.F.);
#1372=ORIENTED_EDGE('',*,*,#1045,.F.);
#1373=ORIENTED_EDGE('',*,*,#1046,.F.);
#1374=ORIENTED_EDGE('',*,*,#1047,.F.);
#1375=ORIENTED_EDGE('',*,*,#1048,.T.);
#1376=ORIENTED_EDGE('',*,*,#1049,.F.);
#1377=ORIENTED_EDGE('',*,*,#1043,.T.);
#1378=ORIENTED_EDGE('',*,*,#1036,.F.);
#1379=ORIENTED_EDGE('',*,*,#1050,.F.);
#1380=ORIENTED_EDGE('',*,*,#1051,.F.);
#1381=ORIENTED_EDGE('',*,*,#1045,.T.);
#1382=ORIENTED_EDGE('',*,*,#1014,.F.);
#1383=ORIENTED_EDGE('',*,*,#1052,.F.);
#1384=ORIENTED_EDGE('',*,*,#1053,.F.);
#1385=ORIENTED_EDGE('',*,*,#1054,.T.);
#1386=ORIENTED_EDGE('',*,*,#1055,.F.);
#1387=ORIENTED_EDGE('',*,*,#1056,.T.);
#1388=ORIENTED_EDGE('',*,*,#1050,.T.);
#1389=ORIENTED_EDGE('',*,*,#1035,.F.);
#1390=ORIENTED_EDGE('',*,*,#1027,.F.);
#1391=ORIENTED_EDGE('',*,*,#1034,.F.);
#1392=ORIENTED_EDGE('',*,*,#1057,.F.);
#1393=ORIENTED_EDGE('',*,*,#1058,.F.);
#1394=ORIENTED_EDGE('',*,*,#1059,.T.);
#1395=ORIENTED_EDGE('',*,*,#1029,.F.);
#1396=ORIENTED_EDGE('',*,*,#1055,.T.);
#1397=ORIENTED_EDGE('',*,*,#1060,.T.);
#1398=ORIENTED_EDGE('',*,*,#1023,.T.);
#1399=ORIENTED_EDGE('',*,*,#1061,.T.);
#1400=ORIENTED_EDGE('',*,*,#1047,.T.);
#1401=ORIENTED_EDGE('',*,*,#1062,.T.);
#1402=ORIENTED_EDGE('',*,*,#1061,.F.);
#1403=ORIENTED_EDGE('',*,*,#1022,.F.);
#1404=ORIENTED_EDGE('',*,*,#1063,.F.);
#1405=ORIENTED_EDGE('',*,*,#1048,.F.);
#1406=ORIENTED_EDGE('',*,*,#1060,.F.);
#1407=ORIENTED_EDGE('',*,*,#1054,.F.);
#1408=ORIENTED_EDGE('',*,*,#1064,.F.);
#1409=ORIENTED_EDGE('',*,*,#1024,.T.);
#1410=ORIENTED_EDGE('',*,*,#1021,.T.);
#1411=ORIENTED_EDGE('',*,*,#1044,.T.);
#1412=ORIENTED_EDGE('',*,*,#1049,.T.);
#1413=ORIENTED_EDGE('',*,*,#1063,.T.);
#1414=ORIENTED_EDGE('',*,*,#1065,.F.);
#1415=ORIENTED_EDGE('',*,*,#1066,.F.);
#1416=ORIENTED_EDGE('',*,*,#1067,.F.);
#1417=ORIENTED_EDGE('',*,*,#1068,.F.);
#1418=ORIENTED_EDGE('',*,*,#1002,.T.);
#1419=ORIENTED_EDGE('',*,*,#1012,.T.);
#1420=ORIENTED_EDGE('',*,*,#1009,.T.);
#1421=ORIENTED_EDGE('',*,*,#1006,.T.);
#1422=ORIENTED_EDGE('',*,*,#990,.T.);
#1423=ORIENTED_EDGE('',*,*,#1000,.T.);
#1424=ORIENTED_EDGE('',*,*,#997,.T.);
#1425=ORIENTED_EDGE('',*,*,#994,.T.);
#1426=ORIENTED_EDGE('',*,*,#978,.T.);
#1427=ORIENTED_EDGE('',*,*,#988,.T.);
#1428=ORIENTED_EDGE('',*,*,#985,.T.);
#1429=ORIENTED_EDGE('',*,*,#982,.T.);
#1430=ORIENTED_EDGE('',*,*,#966,.T.);
#1431=ORIENTED_EDGE('',*,*,#976,.T.);
#1432=ORIENTED_EDGE('',*,*,#973,.T.);
#1433=ORIENTED_EDGE('',*,*,#970,.T.);
#1434=ORIENTED_EDGE('',*,*,#954,.T.);
#1435=ORIENTED_EDGE('',*,*,#964,.T.);
#1436=ORIENTED_EDGE('',*,*,#961,.T.);
#1437=ORIENTED_EDGE('',*,*,#958,.T.);
#1438=ORIENTED_EDGE('',*,*,#942,.T.);
#1439=ORIENTED_EDGE('',*,*,#952,.T.);
#1440=ORIENTED_EDGE('',*,*,#949,.T.);
#1441=ORIENTED_EDGE('',*,*,#946,.T.);
#1442=ORIENTED_EDGE('',*,*,#930,.T.);
#1443=ORIENTED_EDGE('',*,*,#940,.T.);
#1444=ORIENTED_EDGE('',*,*,#937,.T.);
#1445=ORIENTED_EDGE('',*,*,#934,.T.);
#1446=ORIENTED_EDGE('',*,*,#918,.T.);
#1447=ORIENTED_EDGE('',*,*,#928,.T.);
#1448=ORIENTED_EDGE('',*,*,#925,.T.);
#1449=ORIENTED_EDGE('',*,*,#922,.T.);
#1450=ORIENTED_EDGE('',*,*,#906,.T.);
#1451=ORIENTED_EDGE('',*,*,#916,.T.);
#1452=ORIENTED_EDGE('',*,*,#913,.T.);
#1453=ORIENTED_EDGE('',*,*,#910,.T.);
#1454=ORIENTED_EDGE('',*,*,#1069,.F.);
#1455=ORIENTED_EDGE('',*,*,#1068,.T.);
#1456=ORIENTED_EDGE('',*,*,#1070,.F.);
#1457=ORIENTED_EDGE('',*,*,#1071,.F.);
#1458=ORIENTED_EDGE('',*,*,#1062,.F.);
#1459=ORIENTED_EDGE('',*,*,#1046,.T.);
#1460=ORIENTED_EDGE('',*,*,#1051,.T.);
#1461=ORIENTED_EDGE('',*,*,#1056,.F.);
#1462=ORIENTED_EDGE('',*,*,#1066,.T.);
#1463=ORIENTED_EDGE('',*,*,#1072,.F.);
#1464=ORIENTED_EDGE('',*,*,#1073,.T.);
#1465=ORIENTED_EDGE('',*,*,#1074,.T.);
#1466=ORIENTED_EDGE('',*,*,#1065,.T.);
#1467=ORIENTED_EDGE('',*,*,#1069,.T.);
#1468=ORIENTED_EDGE('',*,*,#1075,.F.);
#1469=ORIENTED_EDGE('',*,*,#1076,.F.);
#1470=ORIENTED_EDGE('',*,*,#1077,.T.);
#1471=ORIENTED_EDGE('',*,*,#1072,.T.);
#1472=ORIENTED_EDGE('',*,*,#1071,.T.);
#1473=ORIENTED_EDGE('',*,*,#1078,.T.);
#1474=ORIENTED_EDGE('',*,*,#1079,.T.);
#1475=ORIENTED_EDGE('',*,*,#1075,.T.);
#1476=ORIENTED_EDGE('',*,*,#901,.T.);
#1477=ORIENTED_EDGE('',*,*,#904,.T.);
#1478=ORIENTED_EDGE('',*,*,#894,.T.);
#1479=ORIENTED_EDGE('',*,*,#898,.T.);
#1480=ORIENTED_EDGE('',*,*,#1080,.F.);
#1481=ORIENTED_EDGE('',*,*,#1041,.F.);
#1482=ORIENTED_EDGE('',*,*,#1081,.F.);
#1483=ORIENTED_EDGE('',*,*,#1058,.T.);
#1484=ORIENTED_EDGE('',*,*,#1033,.F.);
#1485=ORIENTED_EDGE('',*,*,#1042,.F.);
#1486=ORIENTED_EDGE('',*,*,#1080,.T.);
#1487=ORIENTED_EDGE('',*,*,#1057,.T.);
#1488=ORIENTED_EDGE('',*,*,#1081,.T.);
#1489=ORIENTED_EDGE('',*,*,#1040,.T.);
#1490=ORIENTED_EDGE('',*,*,#1030,.F.);
#1491=ORIENTED_EDGE('',*,*,#1059,.F.);
#1492=ORIENTED_EDGE('',*,*,#1067,.T.);
#1493=ORIENTED_EDGE('',*,*,#1074,.F.);
#1494=ORIENTED_EDGE('',*,*,#1082,.T.);
#1495=ORIENTED_EDGE('',*,*,#1083,.T.);
#1496=ORIENTED_EDGE('',*,*,#1078,.F.);
#1497=ORIENTED_EDGE('',*,*,#1070,.T.);
#1498=ORIENTED_EDGE('',*,*,#1084,.T.);
#1499=ORIENTED_EDGE('',*,*,#1076,.T.);
#1500=ORIENTED_EDGE('',*,*,#1079,.F.);
#1501=ORIENTED_EDGE('',*,*,#1083,.F.);
#1502=ORIENTED_EDGE('',*,*,#1017,.F.);
#1503=ORIENTED_EDGE('',*,*,#1026,.F.);
#1504=ORIENTED_EDGE('',*,*,#1085,.F.);
#1505=ORIENTED_EDGE('',*,*,#1052,.T.);
#1506=ORIENTED_EDGE('',*,*,#1085,.T.);
#1507=ORIENTED_EDGE('',*,*,#1025,.T.);
#1508=ORIENTED_EDGE('',*,*,#1064,.T.);
#1509=ORIENTED_EDGE('',*,*,#1053,.T.);
#1510=ORIENTED_EDGE('',*,*,#1084,.F.);
#1511=ORIENTED_EDGE('',*,*,#1082,.F.);
#1512=ORIENTED_EDGE('',*,*,#1073,.F.);
#1513=ORIENTED_EDGE('',*,*,#1077,.F.);
#1514=ORIENTED_EDGE('',*,*,#882,.T.);
#1515=ORIENTED_EDGE('',*,*,#878,.T.);
#1516=ORIENTED_EDGE('',*,*,#874,.T.);
#1517=ORIENTED_EDGE('',*,*,#870,.T.);
#1518=CYLINDRICAL_SURFACE('',#1636,2.05);
#1519=CYLINDRICAL_SURFACE('',#1641,2.05);
#1520=CYLINDRICAL_SURFACE('',#1646,2.05);
#1521=CYLINDRICAL_SURFACE('',#1651,2.05);
#1522=CYLINDRICAL_SURFACE('',#1656,1.4);
#1523=CYLINDRICAL_SURFACE('',#1659,1.4);
#1524=CYLINDRICAL_SURFACE('',#1662,1.4);
#1525=CYLINDRICAL_SURFACE('',#1665,1.2645);
#1526=CYLINDRICAL_SURFACE('',#1717,10.);
#1527=CYLINDRICAL_SURFACE('',#1725,7.5);
#1528=CYLINDRICAL_SURFACE('',#1739,5.);
#1529=CYLINDRICAL_SURFACE('',#1742,5.);
#1530=ADVANCED_FACE('',(#119),#1518,.F.);
#1531=ADVANCED_FACE('',(#120,#19),#40,.T.);
#1532=ADVANCED_FACE('',(#121),#1519,.F.);
#1533=ADVANCED_FACE('',(#122,#20),#41,.T.);
#1534=ADVANCED_FACE('',(#123),#1520,.F.);
#1535=ADVANCED_FACE('',(#124,#21),#42,.T.);
#1536=ADVANCED_FACE('',(#125),#1521,.F.);
#1537=ADVANCED_FACE('',(#126,#22),#43,.T.);
#1538=ADVANCED_FACE('',(#127),#1522,.F.);
#1539=ADVANCED_FACE('',(#128),#44,.F.);
#1540=ADVANCED_FACE('',(#129),#1523,.F.);
#1541=ADVANCED_FACE('',(#130),#45,.F.);
#1542=ADVANCED_FACE('',(#131),#1524,.F.);
#1543=ADVANCED_FACE('',(#132),#46,.F.);
#1544=ADVANCED_FACE('',(#133),#1525,.F.);
#1545=ADVANCED_FACE('',(#134),#47,.F.);
#1546=ADVANCED_FACE('',(#135),#48,.F.);
#1547=ADVANCED_FACE('',(#136),#49,.F.);
#1548=ADVANCED_FACE('',(#137),#50,.F.);
#1549=ADVANCED_FACE('',(#138),#51,.F.);
#1550=ADVANCED_FACE('',(#139),#52,.F.);
#1551=ADVANCED_FACE('',(#140),#53,.F.);
#1552=ADVANCED_FACE('',(#141),#54,.F.);
#1553=ADVANCED_FACE('',(#142),#55,.F.);
#1554=ADVANCED_FACE('',(#143),#56,.F.);
#1555=ADVANCED_FACE('',(#144),#57,.F.);
#1556=ADVANCED_FACE('',(#145),#58,.F.);
#1557=ADVANCED_FACE('',(#146),#59,.F.);
#1558=ADVANCED_FACE('',(#147),#60,.F.);
#1559=ADVANCED_FACE('',(#148),#61,.F.);
#1560=ADVANCED_FACE('',(#149),#62,.F.);
#1561=ADVANCED_FACE('',(#150),#63,.F.);
#1562=ADVANCED_FACE('',(#151),#64,.F.);
#1563=ADVANCED_FACE('',(#152),#65,.F.);
#1564=ADVANCED_FACE('',(#153),#66,.F.);
#1565=ADVANCED_FACE('',(#154),#67,.F.);
#1566=ADVANCED_FACE('',(#155),#68,.F.);
#1567=ADVANCED_FACE('',(#156),#69,.F.);
#1568=ADVANCED_FACE('',(#157),#70,.F.);
#1569=ADVANCED_FACE('',(#158),#71,.F.);
#1570=ADVANCED_FACE('',(#159),#72,.F.);
#1571=ADVANCED_FACE('',(#160),#73,.F.);
#1572=ADVANCED_FACE('',(#161),#74,.F.);
#1573=ADVANCED_FACE('',(#162),#75,.F.);
#1574=ADVANCED_FACE('',(#163),#76,.F.);
#1575=ADVANCED_FACE('',(#164),#77,.F.);
#1576=ADVANCED_FACE('',(#165),#78,.F.);
#1577=ADVANCED_FACE('',(#166),#79,.F.);
#1578=ADVANCED_FACE('',(#167),#80,.F.);
#1579=ADVANCED_FACE('',(#168),#81,.F.);
#1580=ADVANCED_FACE('',(#169),#82,.F.);
#1581=ADVANCED_FACE('',(#170),#83,.F.);
#1582=ADVANCED_FACE('',(#171),#84,.F.);
#1583=ADVANCED_FACE('',(#172),#85,.F.);
#1584=ADVANCED_FACE('',(#173),#86,.F.);
#1585=ADVANCED_FACE('',(#174),#87,.F.);
#1586=ADVANCED_FACE('',(#175),#88,.F.);
#1587=ADVANCED_FACE('',(#176),#89,.F.);
#1588=ADVANCED_FACE('',(#177),#90,.F.);
#1589=ADVANCED_FACE('',(#178),#91,.F.);
#1590=ADVANCED_FACE('',(#179),#92,.F.);
#1591=ADVANCED_FACE('',(#180),#93,.F.);
#1592=ADVANCED_FACE('',(#181),#94,.F.);
#1593=ADVANCED_FACE('',(#182),#95,.F.);
#1594=ADVANCED_FACE('',(#183),#96,.F.);
#1595=ADVANCED_FACE('',(#184),#1526,.T.);
#1596=ADVANCED_FACE('',(#185),#97,.T.);
#1597=ADVANCED_FACE('',(#186,#23),#98,.T.);
#1598=ADVANCED_FACE('',(#187),#1527,.T.);
#1599=ADVANCED_FACE('',(#188),#99,.T.);
#1600=ADVANCED_FACE('',(#189),#100,.T.);
#1601=ADVANCED_FACE('',(#190),#101,.T.);
#1602=ADVANCED_FACE('',(#191),#102,.F.);
#1603=ADVANCED_FACE('',(#192),#103,.T.);
#1604=ADVANCED_FACE('',(#193),#104,.T.);
#1605=ADVANCED_FACE('',(#194),#1528,.T.);
#1606=ADVANCED_FACE('',(#195),#105,.T.);
#1607=ADVANCED_FACE('',(#196),#106,.T.);
#1608=ADVANCED_FACE('',(#197),#1529,.F.);
#1609=ADVANCED_FACE('',(#198,#24,#25,#26,#27,#28,#29,#30,#31,#32),#107,
 .T.);
#1610=ADVANCED_FACE('',(#199),#108,.T.);
#1611=ADVANCED_FACE('',(#200),#109,.F.);
#1612=ADVANCED_FACE('',(#201),#110,.T.);
#1613=ADVANCED_FACE('',(#202),#111,.T.);
#1614=ADVANCED_FACE('',(#203,#33,#34),#112,.F.);
#1615=ADVANCED_FACE('',(#204),#113,.T.);
#1616=ADVANCED_FACE('',(#205),#114,.T.);
#1617=ADVANCED_FACE('',(#206),#115,.T.);
#1618=ADVANCED_FACE('',(#207),#116,.T.);
#1619=ADVANCED_FACE('',(#208),#117,.T.);
#1620=ADVANCED_FACE('',(#209,#35,#36,#37,#38,#39),#118,.F.);
#1621=CLOSED_SHELL('',(#1530,#1531,#1532,#1533,#1534,#1535,#1536,#1537,
#1538,#1539,#1540,#1541,#1542,#1543,#1544,#1545,#1546,#1547,#1548,#1549,
#1550,#1551,#1552,#1553,#1554,#1555,#1556,#1557,#1558,#1559,#1560,#1561,
#1562,#1563,#1564,#1565,#1566,#1567,#1568,#1569,#1570,#1571,#1572,#1573,
#1574,#1575,#1576,#1577,#1578,#1579,#1580,#1581,#1582,#1583,#1584,#1585,
#1586,#1587,#1588,#1589,#1590,#1591,#1592,#1593,#1594,#1595,#1596,#1597,
#1598,#1599,#1600,#1601,#1602,#1603,#1604,#1605,#1606,#1607,#1608,#1609,
#1610,#1611,#1612,#1613,#1614,#1615,#1616,#1617,#1618,#1619,#1620));
#1622=DERIVED_UNIT_ELEMENT(#1624,1.);
#1623=DERIVED_UNIT_ELEMENT(#2649,-3.);
#1624=(
MASS_UNIT()
NAMED_UNIT(*)
SI_UNIT(.KILO.,.GRAM.)
);
#1625=DERIVED_UNIT((#1622,#1623));
#1626=MEASURE_REPRESENTATION_ITEM('density measure',
POSITIVE_RATIO_MEASURE(7850.),#1625);
#1627=PROPERTY_DEFINITION_REPRESENTATION(#1632,#1629);
#1628=PROPERTY_DEFINITION_REPRESENTATION(#1633,#1630);
#1629=REPRESENTATION('material name',(#1631),#2646);
#1630=REPRESENTATION('density',(#1626),#2646);
#1631=DESCRIPTIVE_REPRESENTATION_ITEM('Steel','Steel');
#1632=PROPERTY_DEFINITION('material property','material name',#2661);
#1633=PROPERTY_DEFINITION('material property','density of part',#2661);
#1634=AXIS2_PLACEMENT_3D('',#2188,#1756,#1757);
#1635=AXIS2_PLACEMENT_3D('',#2189,#1758,#1759);
#1636=AXIS2_PLACEMENT_3D('',#2190,#1760,#1761);
#1637=AXIS2_PLACEMENT_3D('',#2192,#1762,#1763);
#1638=AXIS2_PLACEMENT_3D('',#2195,#1765,#1766);
#1639=AXIS2_PLACEMENT_3D('',#2196,#1767,#1768);
#1640=AXIS2_PLACEMENT_3D('',#2198,#1769,#1770);
#1641=AXIS2_PLACEMENT_3D('',#2199,#1771,#1772);
#1642=AXIS2_PLACEMENT_3D('',#2201,#1773,#1774);
#1643=AXIS2_PLACEMENT_3D('',#2204,#1776,#1777);
#1644=AXIS2_PLACEMENT_3D('',#2205,#1778,#1779);
#1645=AXIS2_PLACEMENT_3D('',#2207,#1780,#1781);
#1646=AXIS2_PLACEMENT_3D('',#2208,#1782,#1783);
#1647=AXIS2_PLACEMENT_3D('',#2210,#1784,#1785);
#1648=AXIS2_PLACEMENT_3D('',#2213,#1787,#1788);
#1649=AXIS2_PLACEMENT_3D('',#2214,#1789,#1790);
#1650=AXIS2_PLACEMENT_3D('',#2216,#1791,#1792);
#1651=AXIS2_PLACEMENT_3D('',#2217,#1793,#1794);
#1652=AXIS2_PLACEMENT_3D('',#2219,#1795,#1796);
#1653=AXIS2_PLACEMENT_3D('',#2222,#1798,#1799);
#1654=AXIS2_PLACEMENT_3D('',#2223,#1800,#1801);
#1655=AXIS2_PLACEMENT_3D('',#2225,#1802,#1803);
#1656=AXIS2_PLACEMENT_3D('',#2226,#1804,#1805);
#1657=AXIS2_PLACEMENT_3D('',#2229,#1807,#1808);
#1658=AXIS2_PLACEMENT_3D('',#2230,#1809,#1810);
#1659=AXIS2_PLACEMENT_3D('',#2231,#1811,#1812);
#1660=AXIS2_PLACEMENT_3D('',#2234,#1814,#1815);
#1661=AXIS2_PLACEMENT_3D('',#2235,#1816,#1817);
#1662=AXIS2_PLACEMENT_3D('',#2236,#1818,#1819);
#1663=AXIS2_PLACEMENT_3D('',#2239,#1821,#1822);
#1664=AXIS2_PLACEMENT_3D('',#2240,#1823,#1824);
#1665=AXIS2_PLACEMENT_3D('',#2241,#1825,#1826);
#1666=AXIS2_PLACEMENT_3D('',#2244,#1828,#1829);
#1667=AXIS2_PLACEMENT_3D('',#2245,#1830,#1831);
#1668=AXIS2_PLACEMENT_3D('',#2246,#1832,#1833);
#1669=AXIS2_PLACEMENT_3D('',#2255,#1838,#1839);
#1670=AXIS2_PLACEMENT_3D('',#2261,#1843,#1844);
#1671=AXIS2_PLACEMENT_3D('',#2267,#1848,#1849);
#1672=AXIS2_PLACEMENT_3D('',#2270,#1852,#1853);
#1673=AXIS2_PLACEMENT_3D('',#2279,#1858,#1859);
#1674=AXIS2_PLACEMENT_3D('',#2285,#1863,#1864);
#1675=AXIS2_PLACEMENT_3D('',#2291,#1868,#1869);
#1676=AXIS2_PLACEMENT_3D('',#2294,#1872,#1873);
#1677=AXIS2_PLACEMENT_3D('',#2295,#1874,#1875);
#1678=AXIS2_PLACEMENT_3D('',#2304,#1880,#1881);
#1679=AXIS2_PLACEMENT_3D('',#2310,#1885,#1886);
#1680=AXIS2_PLACEMENT_3D('',#2316,#1890,#1891);
#1681=AXIS2_PLACEMENT_3D('',#2319,#1894,#1895);
#1682=AXIS2_PLACEMENT_3D('',#2320,#1896,#1897);
#1683=AXIS2_PLACEMENT_3D('',#2329,#1902,#1903);
#1684=AXIS2_PLACEMENT_3D('',#2335,#1907,#1908);
#1685=AXIS2_PLACEMENT_3D('',#2341,#1912,#1913);
#1686=AXIS2_PLACEMENT_3D('',#2344,#1916,#1917);
#1687=AXIS2_PLACEMENT_3D('',#2345,#1918,#1919);
#1688=AXIS2_PLACEMENT_3D('',#2354,#1924,#1925);
#1689=AXIS2_PLACEMENT_3D('',#2360,#1929,#1930);
#1690=AXIS2_PLACEMENT_3D('',#2366,#1934,#1935);
#1691=AXIS2_PLACEMENT_3D('',#2369,#1938,#1939);
#1692=AXIS2_PLACEMENT_3D('',#2370,#1940,#1941);
#1693=AXIS2_PLACEMENT_3D('',#2379,#1946,#1947);
#1694=AXIS2_PLACEMENT_3D('',#2385,#1951,#1952);
#1695=AXIS2_PLACEMENT_3D('',#2391,#1956,#1957);
#1696=AXIS2_PLACEMENT_3D('',#2394,#1960,#1961);
#1697=AXIS2_PLACEMENT_3D('',#2395,#1962,#1963);
#1698=AXIS2_PLACEMENT_3D('',#2404,#1968,#1969);
#1699=AXIS2_PLACEMENT_3D('',#2410,#1973,#1974);
#1700=AXIS2_PLACEMENT_3D('',#2416,#1978,#1979);
#1701=AXIS2_PLACEMENT_3D('',#2419,#1982,#1983);
#1702=AXIS2_PLACEMENT_3D('',#2420,#1984,#1985);
#1703=AXIS2_PLACEMENT_3D('',#2429,#1990,#1991);
#1704=AXIS2_PLACEMENT_3D('',#2435,#1995,#1996);
#1705=AXIS2_PLACEMENT_3D('',#2441,#2000,#2001);
#1706=AXIS2_PLACEMENT_3D('',#2444,#2004,#2005);
#1707=AXIS2_PLACEMENT_3D('',#2445,#2006,#2007);
#1708=AXIS2_PLACEMENT_3D('',#2454,#2012,#2013);
#1709=AXIS2_PLACEMENT_3D('',#2460,#2017,#2018);
#1710=AXIS2_PLACEMENT_3D('',#2466,#2022,#2023);
#1711=AXIS2_PLACEMENT_3D('',#2469,#2026,#2027);
#1712=AXIS2_PLACEMENT_3D('',#2470,#2028,#2029);
#1713=AXIS2_PLACEMENT_3D('',#2479,#2034,#2035);
#1714=AXIS2_PLACEMENT_3D('',#2485,#2039,#2040);
#1715=AXIS2_PLACEMENT_3D('',#2491,#2044,#2045);
#1716=AXIS2_PLACEMENT_3D('',#2494,#2048,#2049);
#1717=AXIS2_PLACEMENT_3D('',#2495,#2050,#2051);
#1718=AXIS2_PLACEMENT_3D('',#2498,#2052,#2053);
#1719=AXIS2_PLACEMENT_3D('',#2502,#2055,#2056);
#1720=AXIS2_PLACEMENT_3D('',#2504,#2058,#2059);
#1721=AXIS2_PLACEMENT_3D('',#2508,#2061,#2062);
#1722=AXIS2_PLACEMENT_3D('',#2512,#2064,#2065);
#1723=AXIS2_PLACEMENT_3D('',#2516,#2067,#2068);
#1724=AXIS2_PLACEMENT_3D('',#2522,#2072,#2073);
#1725=AXIS2_PLACEMENT_3D('',#2534,#2080,#2081);
#1726=AXIS2_PLACEMENT_3D('',#2538,#2083,#2084);
#1727=AXIS2_PLACEMENT_3D('',#2540,#2085,#2086);
#1728=AXIS2_PLACEMENT_3D('',#2544,#2088,#2089);
#1729=AXIS2_PLACEMENT_3D('',#2546,#2091,#2092);
#1730=AXIS2_PLACEMENT_3D('',#2547,#2093,#2094);
#1731=AXIS2_PLACEMENT_3D('',#2553,#2098,#2099);
#1732=AXIS2_PLACEMENT_3D('',#2557,#2102,#2103);
#1733=AXIS2_PLACEMENT_3D('',#2563,#2106,#2107);
#1734=AXIS2_PLACEMENT_3D('',#2566,#2109,#2110);
#1735=AXIS2_PLACEMENT_3D('',#2567,#2111,#2112);
#1736=AXIS2_PLACEMENT_3D('',#2571,#2115,#2116);
#1737=AXIS2_PLACEMENT_3D('',#2579,#2120,#2121);
#1738=AXIS2_PLACEMENT_3D('',#2581,#2123,#2124);
#1739=AXIS2_PLACEMENT_3D('',#2587,#2128,#2129);
#1740=AXIS2_PLACEMENT_3D('',#2591,#2133,#2134);
#1741=AXIS2_PLACEMENT_3D('',#2593,#2136,#2137);
#1742=AXIS2_PLACEMENT_3D('',#2595,#2139,#2140);
#1743=AXIS2_PLACEMENT_3D('',#2596,#2141,#2142);
#1744=AXIS2_PLACEMENT_3D('',#2605,#2147,#2148);
#1745=AXIS2_PLACEMENT_3D('',#2611,#2152,#2153);
#1746=AXIS2_PLACEMENT_3D('',#2612,#2154,#2155);
#1747=AXIS2_PLACEMENT_3D('',#2618,#2159,#2160);
#1748=AXIS2_PLACEMENT_3D('',#2624,#2164,#2165);
#1749=AXIS2_PLACEMENT_3D('',#2630,#2170,#2171);
#1750=AXIS2_PLACEMENT_3D('',#2631,#2172,#2173);
#1751=AXIS2_PLACEMENT_3D('',#2632,#2174,#2175);
#1752=AXIS2_PLACEMENT_3D('',#2636,#2178,#2179);
#1753=AXIS2_PLACEMENT_3D('',#2638,#2181,#2182);
#1754=AXIS2_PLACEMENT_3D('',#2640,#2184,#2185);
#1755=AXIS2_PLACEMENT_3D('',#2641,#2186,#2187);
#1756=DIRECTION('axis',(0.,0.,1.));
#1757=DIRECTION('refdir',(1.,0.,0.));
#1758=DIRECTION('axis',(0.,0.,1.));
#1759=DIRECTION('refdir',(1.,0.,0.));
#1760=DIRECTION('center_axis',(0.,0.,1.));
#1761=DIRECTION('ref_axis',(1.,0.,0.));
#1762=DIRECTION('center_axis',(0.,0.,1.));
#1763=DIRECTION('ref_axis',(1.,0.,0.));
#1764=DIRECTION('',(0.,0.,1.));
#1765=DIRECTION('center_axis',(0.,0.,1.));
#1766=DIRECTION('ref_axis',(1.,0.,0.));
#1767=DIRECTION('center_axis',(0.,0.,-1.));
#1768=DIRECTION('ref_axis',(1.,0.,0.));
#1769=DIRECTION('center_axis',(0.,0.,-1.));
#1770=DIRECTION('ref_axis',(-1.,0.,0.));
#1771=DIRECTION('center_axis',(0.,0.,1.));
#1772=DIRECTION('ref_axis',(1.,0.,0.));
#1773=DIRECTION('center_axis',(0.,0.,1.));
#1774=DIRECTION('ref_axis',(1.,0.,0.));
#1775=DIRECTION('',(0.,0.,1.));
#1776=DIRECTION('center_axis',(0.,0.,1.));
#1777=DIRECTION('ref_axis',(1.,0.,0.));
#1778=DIRECTION('center_axis',(0.,0.,-1.));
#1779=DIRECTION('ref_axis',(1.,0.,0.));
#1780=DIRECTION('center_axis',(0.,0.,-1.));
#1781=DIRECTION('ref_axis',(-1.,0.,0.));
#1782=DIRECTION('center_axis',(0.,0.,1.));
#1783=DIRECTION('ref_axis',(1.,0.,0.));
#1784=DIRECTION('center_axis',(0.,0.,1.));
#1785=DIRECTION('ref_axis',(1.,0.,0.));
#1786=DIRECTION('',(0.,0.,1.));
#1787=DIRECTION('center_axis',(0.,0.,1.));
#1788=DIRECTION('ref_axis',(1.,0.,0.));
#1789=DIRECTION('center_axis',(0.,0.,-1.));
#1790=DIRECTION('ref_axis',(1.,0.,0.));
#1791=DIRECTION('center_axis',(0.,0.,-1.));
#1792=DIRECTION('ref_axis',(-1.,0.,0.));
#1793=DIRECTION('center_axis',(0.,0.,1.));
#1794=DIRECTION('ref_axis',(1.,0.,0.));
#1795=DIRECTION('center_axis',(0.,0.,1.));
#1796=DIRECTION('ref_axis',(1.,0.,0.));
#1797=DIRECTION('',(0.,0.,1.));
#1798=DIRECTION('center_axis',(0.,0.,1.));
#1799=DIRECTION('ref_axis',(1.,0.,0.));
#1800=DIRECTION('center_axis',(0.,0.,-1.));
#1801=DIRECTION('ref_axis',(1.,0.,0.));
#1802=DIRECTION('center_axis',(0.,0.,-1.));
#1803=DIRECTION('ref_axis',(-1.,0.,0.));
#1804=DIRECTION('center_axis',(0.,0.,1.));
#1805=DIRECTION('ref_axis',(-1.,0.,0.));
#1806=DIRECTION('',(0.,0.,1.));
#1807=DIRECTION('center_axis',(0.,0.,1.));
#1808=DIRECTION('ref_axis',(-1.,0.,0.));
#1809=DIRECTION('center_axis',(0.,0.,1.));
#1810=DIRECTION('ref_axis',(-1.,0.,0.));
#1811=DIRECTION('center_axis',(0.,0.,1.));
#1812=DIRECTION('ref_axis',(-1.,0.,0.));
#1813=DIRECTION('',(0.,0.,1.));
#1814=DIRECTION('center_axis',(0.,0.,1.));
#1815=DIRECTION('ref_axis',(-1.,0.,0.));
#1816=DIRECTION('center_axis',(0.,0.,1.));
#1817=DIRECTION('ref_axis',(-1.,0.,0.));
#1818=DIRECTION('center_axis',(0.,0.,1.));
#1819=DIRECTION('ref_axis',(-1.,0.,0.));
#1820=DIRECTION('',(0.,0.,1.));
#1821=DIRECTION('center_axis',(0.,0.,1.));
#1822=DIRECTION('ref_axis',(-1.,0.,0.));
#1823=DIRECTION('center_axis',(0.,0.,1.));
#1824=DIRECTION('ref_axis',(-1.,0.,0.));
#1825=DIRECTION('center_axis',(0.,0.,1.));
#1826=DIRECTION('ref_axis',(-1.,0.,0.));
#1827=DIRECTION('',(0.,0.,1.));
#1828=DIRECTION('center_axis',(0.,0.,1.));
#1829=DIRECTION('ref_axis',(-1.,0.,0.));
#1830=DIRECTION('center_axis',(0.,0.,1.));
#1831=DIRECTION('ref_axis',(-1.,0.,0.));
#1832=DIRECTION('center_axis',(0.,-1.,0.));
#1833=DIRECTION('ref_axis',(-1.,0.,0.));
#1834=DIRECTION('',(1.,0.,0.));
#1835=DIRECTION('',(0.,0.,-1.));
#1836=DIRECTION('',(-1.,0.,0.));
#1837=DIRECTION('',(0.,0.,-1.));
#1838=DIRECTION('center_axis',(1.,0.,0.));
#1839=DIRECTION('ref_axis',(0.,-1.,0.));
#1840=DIRECTION('',(0.,1.,0.));
#1841=DIRECTION('',(0.,-1.,0.));
#1842=DIRECTION('',(0.,0.,-1.));
#1843=DIRECTION('center_axis',(0.,1.,0.));
#1844=DIRECTION('ref_axis',(1.,0.,0.));
#1845=DIRECTION('',(-1.,0.,0.));
#1846=DIRECTION('',(1.,0.,0.));
#1847=DIRECTION('',(0.,0.,-1.));
#1848=DIRECTION('center_axis',(-1.,0.,0.));
#1849=DIRECTION('ref_axis',(0.,1.,0.));
#1850=DIRECTION('',(0.,-1.,0.));
#1851=DIRECTION('',(0.,1.,0.));
#1852=DIRECTION('center_axis',(0.,1.,0.));
#1853=DIRECTION('ref_axis',(-1.,0.,0.));
#1854=DIRECTION('',(-1.,0.,0.));
#1855=DIRECTION('',(0.,0.,1.));
#1856=DIRECTION('',(-1.,0.,0.));
#1857=DIRECTION('',(0.,0.,1.));
#1858=DIRECTION('center_axis',(1.,0.,0.));
#1859=DIRECTION('ref_axis',(0.,1.,0.));
#1860=DIRECTION('',(0.,1.,0.));
#1861=DIRECTION('',(0.,0.,1.));
#1862=DIRECTION('',(0.,1.,0.));
#1863=DIRECTION('center_axis',(0.,-1.,0.));
#1864=DIRECTION('ref_axis',(1.,0.,0.));
#1865=DIRECTION('',(1.,0.,0.));
#1866=DIRECTION('',(0.,0.,1.));
#1867=DIRECTION('',(1.,0.,0.));
#1868=DIRECTION('center_axis',(-1.,0.,0.));
#1869=DIRECTION('ref_axis',(0.,-1.,0.));
#1870=DIRECTION('',(0.,-1.,0.));
#1871=DIRECTION('',(0.,-1.,0.));
#1872=DIRECTION('center_axis',(0.,0.,1.));
#1873=DIRECTION('ref_axis',(1.,0.,0.));
#1874=DIRECTION('center_axis',(0.,1.,0.));
#1875=DIRECTION('ref_axis',(-1.,0.,0.));
#1876=DIRECTION('',(-1.,0.,0.));
#1877=DIRECTION('',(0.,0.,1.));
#1878=DIRECTION('',(-1.,0.,0.));
#1879=DIRECTION('',(0.,0.,1.));
#1880=DIRECTION('center_axis',(1.,0.,0.));
#1881=DIRECTION('ref_axis',(0.,1.,0.));
#1882=DIRECTION('',(0.,1.,0.));
#1883=DIRECTION('',(0.,0.,1.));
#1884=DIRECTION('',(0.,1.,0.));
#1885=DIRECTION('center_axis',(0.,-1.,0.));
#1886=DIRECTION('ref_axis',(1.,0.,0.));
#1887=DIRECTION('',(1.,0.,0.));
#1888=DIRECTION('',(0.,0.,1.));
#1889=DIRECTION('',(1.,0.,0.));
#1890=DIRECTION('center_axis',(-1.,0.,0.));
#1891=DIRECTION('ref_axis',(0.,-1.,0.));
#1892=DIRECTION('',(0.,-1.,0.));
#1893=DIRECTION('',(0.,-1.,0.));
#1894=DIRECTION('center_axis',(0.,0.,1.));
#1895=DIRECTION('ref_axis',(1.,0.,0.));
#1896=DIRECTION('center_axis',(0.,1.,0.));
#1897=DIRECTION('ref_axis',(-1.,0.,0.));
#1898=DIRECTION('',(-1.,0.,0.));
#1899=DIRECTION('',(0.,0.,1.));
#1900=DIRECTION('',(-1.,0.,0.));
#1901=DIRECTION('',(0.,0.,1.));
#1902=DIRECTION('center_axis',(1.,0.,0.));
#1903=DIRECTION('ref_axis',(0.,1.,0.));
#1904=DIRECTION('',(0.,1.,0.));
#1905=DIRECTION('',(0.,0.,1.));
#1906=DIRECTION('',(0.,1.,0.));
#1907=DIRECTION('center_axis',(0.,-1.,0.));
#1908=DIRECTION('ref_axis',(1.,0.,0.));
#1909=DIRECTION('',(1.,0.,0.));
#1910=DIRECTION('',(0.,0.,1.));
#1911=DIRECTION('',(1.,0.,0.));
#1912=DIRECTION('center_axis',(-1.,0.,0.));
#1913=DIRECTION('ref_axis',(0.,-1.,0.));
#1914=DIRECTION('',(0.,-1.,0.));
#1915=DIRECTION('',(0.,-1.,0.));
#1916=DIRECTION('center_axis',(0.,0.,1.));
#1917=DIRECTION('ref_axis',(1.,0.,0.));
#1918=DIRECTION('center_axis',(0.,1.,0.));
#1919=DIRECTION('ref_axis',(-1.,0.,0.));
#1920=DIRECTION('',(-1.,0.,0.));
#1921=DIRECTION('',(0.,0.,1.));
#1922=DIRECTION('',(-1.,0.,0.));
#1923=DIRECTION('',(0.,0.,1.));
#1924=DIRECTION('center_axis',(1.,0.,0.));
#1925=DIRECTION('ref_axis',(0.,1.,0.));
#1926=DIRECTION('',(0.,1.,0.));
#1927=DIRECTION('',(0.,0.,1.));
#1928=DIRECTION('',(0.,1.,0.));
#1929=DIRECTION('center_axis',(0.,-1.,0.));
#1930=DIRECTION('ref_axis',(1.,0.,0.));
#1931=DIRECTION('',(1.,0.,0.));
#1932=DIRECTION('',(0.,0.,1.));
#1933=DIRECTION('',(1.,0.,0.));
#1934=DIRECTION('center_axis',(-1.,0.,0.));
#1935=DIRECTION('ref_axis',(0.,-1.,0.));
#1936=DIRECTION('',(0.,-1.,0.));
#1937=DIRECTION('',(0.,-1.,0.));
#1938=DIRECTION('center_axis',(0.,0.,1.));
#1939=DIRECTION('ref_axis',(1.,0.,0.));
#1940=DIRECTION('center_axis',(0.,1.,0.));
#1941=DIRECTION('ref_axis',(-1.,0.,0.));
#1942=DIRECTION('',(-1.,0.,0.));
#1943=DIRECTION('',(0.,0.,1.));
#1944=DIRECTION('',(-1.,0.,0.));
#1945=DIRECTION('',(0.,0.,1.));
#1946=DIRECTION('center_axis',(1.,0.,0.));
#1947=DIRECTION('ref_axis',(0.,1.,0.));
#1948=DIRECTION('',(0.,1.,0.));
#1949=DIRECTION('',(0.,0.,1.));
#1950=DIRECTION('',(0.,1.,0.));
#1951=DIRECTION('center_axis',(0.,-1.,0.));
#1952=DIRECTION('ref_axis',(1.,0.,0.));
#1953=DIRECTION('',(1.,0.,0.));
#1954=DIRECTION('',(0.,0.,1.));
#1955=DIRECTION('',(1.,0.,0.));
#1956=DIRECTION('center_axis',(-1.,0.,0.));
#1957=DIRECTION('ref_axis',(0.,-1.,0.));
#1958=DIRECTION('',(0.,-1.,0.));
#1959=DIRECTION('',(0.,-1.,0.));
#1960=DIRECTION('center_axis',(0.,0.,1.));
#1961=DIRECTION('ref_axis',(1.,0.,0.));
#1962=DIRECTION('center_axis',(0.,1.,0.));
#1963=DIRECTION('ref_axis',(-1.,0.,0.));
#1964=DIRECTION('',(-1.,0.,0.));
#1965=DIRECTION('',(0.,0.,1.));
#1966=DIRECTION('',(-1.,0.,0.));
#1967=DIRECTION('',(0.,0.,1.));
#1968=DIRECTION('center_axis',(1.,0.,0.));
#1969=DIRECTION('ref_axis',(0.,1.,0.));
#1970=DIRECTION('',(0.,1.,0.));
#1971=DIRECTION('',(0.,0.,1.));
#1972=DIRECTION('',(0.,1.,0.));
#1973=DIRECTION('center_axis',(0.,-1.,0.));
#1974=DIRECTION('ref_axis',(1.,0.,0.));
#1975=DIRECTION('',(1.,0.,0.));
#1976=DIRECTION('',(0.,0.,1.));
#1977=DIRECTION('',(1.,0.,0.));
#1978=DIRECTION('center_axis',(-1.,0.,0.));
#1979=DIRECTION('ref_axis',(0.,-1.,0.));
#1980=DIRECTION('',(0.,-1.,0.));
#1981=DIRECTION('',(0.,-1.,0.));
#1982=DIRECTION('center_axis',(0.,0.,1.));
#1983=DIRECTION('ref_axis',(1.,0.,0.));
#1984=DIRECTION('center_axis',(0.,1.,0.));
#1985=DIRECTION('ref_axis',(-1.,0.,0.));
#1986=DIRECTION('',(-1.,0.,0.));
#1987=DIRECTION('',(0.,0.,1.));
#1988=DIRECTION('',(-1.,0.,0.));
#1989=DIRECTION('',(0.,0.,1.));
#1990=DIRECTION('center_axis',(1.,0.,0.));
#1991=DIRECTION('ref_axis',(0.,1.,0.));
#1992=DIRECTION('',(0.,1.,0.));
#1993=DIRECTION('',(0.,0.,1.));
#1994=DIRECTION('',(0.,1.,0.));
#1995=DIRECTION('center_axis',(0.,-1.,0.));
#1996=DIRECTION('ref_axis',(1.,0.,0.));
#1997=DIRECTION('',(1.,0.,0.));
#1998=DIRECTION('',(0.,0.,1.));
#1999=DIRECTION('',(1.,0.,0.));
#2000=DIRECTION('center_axis',(-1.,0.,0.));
#2001=DIRECTION('ref_axis',(0.,-1.,0.));
#2002=DIRECTION('',(0.,-1.,0.));
#2003=DIRECTION('',(0.,-1.,0.));
#2004=DIRECTION('center_axis',(0.,0.,1.));
#2005=DIRECTION('ref_axis',(1.,0.,0.));
#2006=DIRECTION('center_axis',(0.,1.,0.));
#2007=DIRECTION('ref_axis',(-1.,0.,0.));
#2008=DIRECTION('',(-1.,0.,0.));
#2009=DIRECTION('',(0.,0.,1.));
#2010=DIRECTION('',(-1.,0.,0.));
#2011=DIRECTION('',(0.,0.,1.));
#2012=DIRECTION('center_axis',(1.,0.,0.));
#2013=DIRECTION('ref_axis',(0.,1.,0.));
#2014=DIRECTION('',(0.,1.,0.));
#2015=DIRECTION('',(0.,0.,1.));
#2016=DIRECTION('',(0.,1.,0.));
#2017=DIRECTION('center_axis',(0.,-1.,0.));
#2018=DIRECTION('ref_axis',(1.,0.,0.));
#2019=DIRECTION('',(1.,0.,0.));
#2020=DIRECTION('',(0.,0.,1.));
#2021=DIRECTION('',(1.,0.,0.));
#2022=DIRECTION('center_axis',(-1.,0.,0.));
#2023=DIRECTION('ref_axis',(0.,-1.,0.));
#2024=DIRECTION('',(0.,-1.,0.));
#2025=DIRECTION('',(0.,-1.,0.));
#2026=DIRECTION('center_axis',(0.,0.,1.));
#2027=DIRECTION('ref_axis',(1.,0.,0.));
#2028=DIRECTION('center_axis',(0.,1.,0.));
#2029=DIRECTION('ref_axis',(-1.,0.,0.));
#2030=DIRECTION('',(-1.,0.,0.));
#2031=DIRECTION('',(0.,0.,1.));
#2032=DIRECTION('',(-1.,0.,0.));
#2033=DIRECTION('',(0.,0.,1.));
#2034=DIRECTION('center_axis',(1.,0.,0.));
#2035=DIRECTION('ref_axis',(0.,1.,0.));
#2036=DIRECTION('',(0.,1.,0.));
#2037=DIRECTION('',(0.,0.,1.));
#2038=DIRECTION('',(0.,1.,0.));
#2039=DIRECTION('center_axis',(0.,-1.,0.));
#2040=DIRECTION('ref_axis',(1.,0.,0.));
#2041=DIRECTION('',(1.,0.,0.));
#2042=DIRECTION('',(0.,0.,1.));
#2043=DIRECTION('',(1.,0.,0.));
#2044=DIRECTION('center_axis',(-1.,0.,0.));
#2045=DIRECTION('ref_axis',(0.,-1.,0.));
#2046=DIRECTION('',(0.,-1.,0.));
#2047=DIRECTION('',(0.,-1.,0.));
#2048=DIRECTION('center_axis',(0.,0.,1.));
#2049=DIRECTION('ref_axis',(1.,0.,0.));
#2050=DIRECTION('center_axis',(-1.,0.,0.));
#2051=DIRECTION('ref_axis',(0.,0.707106781186547,0.707106781186547));
#2052=DIRECTION('center_axis',(1.,0.,0.));
#2053=DIRECTION('ref_axis',(0.,0.707106781186547,0.707106781186547));
#2054=DIRECTION('',(1.,0.,0.));
#2055=DIRECTION('center_axis',(-1.,0.,0.));
#2056=DIRECTION('ref_axis',(0.,0.707106781186547,0.707106781186547));
#2057=DIRECTION('',(-1.,0.,0.));
#2058=DIRECTION('center_axis',(1.,0.,0.));
#2059=DIRECTION('ref_axis',(0.,1.,0.));
#2060=DIRECTION('',(0.,1.,0.));
#2061=DIRECTION('center_axis',(-1.,0.,0.));
#2062=DIRECTION('ref_axis',(0.,-0.707106781186547,0.707106781186548));
#2063=DIRECTION('',(0.,0.,-1.));
#2064=DIRECTION('center_axis',(1.,0.,0.));
#2065=DIRECTION('ref_axis',(0.,0.707106781186547,-0.707106781186547));
#2066=DIRECTION('',(0.,-1.,0.));
#2067=DIRECTION('center_axis',(-1.,0.,0.));
#2068=DIRECTION('ref_axis',(0.,-0.707106781186547,0.707106781186547));
#2069=DIRECTION('',(0.,0.,1.));
#2070=DIRECTION('',(0.,-1.,0.));
#2071=DIRECTION('',(0.,0.,1.));
#2072=DIRECTION('center_axis',(0.,0.,1.));
#2073=DIRECTION('ref_axis',(1.,0.,0.));
#2074=DIRECTION('',(0.,-1.,0.));
#2075=DIRECTION('',(-1.,0.,0.));
#2076=DIRECTION('',(0.,1.,0.));
#2077=DIRECTION('',(1.,0.,0.));
#2078=DIRECTION('',(0.,-1.,0.));
#2079=DIRECTION('',(-1.,0.,0.));
#2080=DIRECTION('center_axis',(-1.,0.,0.));
#2081=DIRECTION('ref_axis',(0.,-0.707106781186547,0.707106781186548));
#2082=DIRECTION('',(-1.,0.,0.));
#2083=DIRECTION('center_axis',(-1.,0.,0.));
#2084=DIRECTION('ref_axis',(0.,-0.707106781186547,0.707106781186548));
#2085=DIRECTION('center_axis',(1.,0.,0.));
#2086=DIRECTION('ref_axis',(0.,-0.707106781186547,0.707106781186548));
#2087=DIRECTION('',(1.,0.,0.));
#2088=DIRECTION('center_axis',(1.,0.,0.));
#2089=DIRECTION('ref_axis',(0.,-0.707106781186547,0.707106781186548));
#2090=DIRECTION('',(1.,0.,0.));
#2091=DIRECTION('center_axis',(1.,0.,0.));
#2092=DIRECTION('ref_axis',(0.,-0.707106781186547,0.707106781186548));
#2093=DIRECTION('center_axis',(-1.,0.,0.));
#2094=DIRECTION('ref_axis',(0.,-1.,0.));
#2095=DIRECTION('',(0.,0.,1.));
#2096=DIRECTION('',(0.,-1.,0.));
#2097=DIRECTION('',(0.,0.,1.));
#2098=DIRECTION('center_axis',(0.,-1.,0.));
#2099=DIRECTION('ref_axis',(0.,0.,1.));
#2100=DIRECTION('',(0.,0.,1.));
#2101=DIRECTION('',(-1.,0.,0.));
#2102=DIRECTION('center_axis',(-1.,0.,0.));
#2103=DIRECTION('ref_axis',(0.,0.,1.));
#2104=DIRECTION('',(0.,0.,1.));
#2105=DIRECTION('',(0.,1.,0.));
#2106=DIRECTION('center_axis',(1.,0.,0.));
#2107=DIRECTION('ref_axis',(0.,-0.707106781186547,0.707106781186547));
#2108=DIRECTION('',(0.,1.,0.));
#2109=DIRECTION('center_axis',(-1.,0.,0.));
#2110=DIRECTION('ref_axis',(0.,0.707106781186547,-0.707106781186547));
#2111=DIRECTION('center_axis',(0.,1.,0.));
#2112=DIRECTION('ref_axis',(0.,0.,-1.));
#2113=DIRECTION('',(0.,0.,1.));
#2114=DIRECTION('',(-1.,0.,0.));
#2115=DIRECTION('center_axis',(-1.,0.,0.));
#2116=DIRECTION('ref_axis',(0.,-1.,0.));
#2117=DIRECTION('',(0.,0.,1.));
#2118=DIRECTION('',(0.,1.,0.));
#2119=DIRECTION('',(0.,0.,1.));
#2120=DIRECTION('center_axis',(1.,0.,0.));
#2121=DIRECTION('ref_axis',(0.,-0.707106781186547,0.707106781186547));
#2122=DIRECTION('',(0.,1.,0.));
#2123=DIRECTION('center_axis',(1.,0.,0.));
#2124=DIRECTION('ref_axis',(0.,1.,0.));
#2125=DIRECTION('',(0.,0.,1.));
#2126=DIRECTION('',(0.,-1.,0.));
#2127=DIRECTION('',(0.,0.,1.));
#2128=DIRECTION('center_axis',(-1.,0.,0.));
#2129=DIRECTION('ref_axis',(0.,-0.707106781186547,0.707106781186547));
#2130=DIRECTION('',(1.,0.,0.));
#2131=DIRECTION('',(-1.,0.,0.));
#2132=DIRECTION('',(-1.,0.,0.));
#2133=DIRECTION('center_axis',(0.,0.,1.));
#2134=DIRECTION('ref_axis',(0.,1.,0.));
#2135=DIRECTION('',(1.,0.,0.));
#2136=DIRECTION('center_axis',(0.,-1.,0.));
#2137=DIRECTION('ref_axis',(1.,0.,0.));
#2138=DIRECTION('',(-1.,0.,0.));
#2139=DIRECTION('center_axis',(-1.,0.,0.));
#2140=DIRECTION('ref_axis',(0.,0.707106781186547,-0.707106781186547));
#2141=DIRECTION('center_axis',(0.,0.,-1.));
#2142=DIRECTION('ref_axis',(0.,-1.,0.));
#2143=DIRECTION('',(0.,1.,0.));
#2144=DIRECTION('',(1.,0.,0.));
#2145=DIRECTION('',(0.,-1.,0.));
#2146=DIRECTION('',(-1.,0.,0.));
#2147=DIRECTION('center_axis',(0.,1.,0.));
#2148=DIRECTION('ref_axis',(0.,0.,-1.));
#2149=DIRECTION('',(0.,0.,1.));
#2150=DIRECTION('',(0.,0.,-1.));
#2151=DIRECTION('',(-1.,0.,0.));
#2152=DIRECTION('center_axis',(0.,0.,-1.));
#2153=DIRECTION('ref_axis',(0.,-1.,0.));
#2154=DIRECTION('center_axis',(0.,1.,0.));
#2155=DIRECTION('ref_axis',(-1.,0.,0.));
#2156=DIRECTION('',(0.,0.,1.));
#2157=DIRECTION('',(-1.,0.,0.));
#2158=DIRECTION('',(0.,0.,1.));
#2159=DIRECTION('center_axis',(-1.,0.,0.));
#2160=DIRECTION('ref_axis',(0.,-1.,0.));
#2161=DIRECTION('',(0.,-1.,0.));
#2162=DIRECTION('',(0.,0.,1.));
#2163=DIRECTION('',(0.,-1.,0.));
#2164=DIRECTION('center_axis',(0.,0.,1.));
#2165=DIRECTION('ref_axis',(-1.,0.,0.));
#2166=DIRECTION('',(0.,1.,0.));
#2167=DIRECTION('',(1.,0.,0.));
#2168=DIRECTION('',(-1.,0.,0.));
#2169=DIRECTION('',(1.,0.,0.));
#2170=DIRECTION('center_axis',(0.,1.,0.));
#2171=DIRECTION('ref_axis',(-1.,0.,0.));
#2172=DIRECTION('center_axis',(0.,-1.,0.));
#2173=DIRECTION('ref_axis',(1.,0.,0.));
#2174=DIRECTION('center_axis',(1.,0.,0.));
#2175=DIRECTION('ref_axis',(0.,1.,0.));
#2176=DIRECTION('',(0.,1.,0.));
#2177=DIRECTION('',(0.,0.,1.));
#2178=DIRECTION('center_axis',(0.,-1.,0.));
#2179=DIRECTION('ref_axis',(1.,0.,0.));
#2180=DIRECTION('',(1.,0.,0.));
#2181=DIRECTION('center_axis',(0.,1.,0.));
#2182=DIRECTION('ref_axis',(-1.,0.,0.));
#2183=DIRECTION('',(1.,0.,0.));
#2184=DIRECTION('center_axis',(0.,0.,1.));
#2185=DIRECTION('ref_axis',(1.,0.,0.));
#2186=DIRECTION('',(0.,0.,1.));
#2187=DIRECTION('',(1.,0.,0.));
#2188=CARTESIAN_POINT('',(0.,0.,0.));
#2189=CARTESIAN_POINT('',(0.,0.,0.));
#2190=CARTESIAN_POINT('Origin',(-92.8555433378316,99.4185026589802,0.));
#2191=CARTESIAN_POINT('',(-94.9055433378316,99.4185026589802,0.));
#2192=CARTESIAN_POINT('Origin',(-92.8555433378316,99.4185026589802,0.));
#2193=CARTESIAN_POINT('',(-94.9055433378316,99.4185026589802,6.));
#2194=CARTESIAN_POINT('',(-94.9055433378316,99.4185026589802,0.));
#2195=CARTESIAN_POINT('Origin',(-92.8555433378316,99.4185026589802,6.));
#2196=CARTESIAN_POINT('Origin',(-92.8555433378316,99.4185026589802,6.));
#2197=CARTESIAN_POINT('',(-91.5910433378316,99.4185026589802,6.));
#2198=CARTESIAN_POINT('Origin',(-92.8555433378316,99.4185026589802,6.));
#2199=CARTESIAN_POINT('Origin',(1.76774269805513,99.7896090379559,0.));
#2200=CARTESIAN_POINT('',(-0.282257301944867,99.7896090379559,0.));
#2201=CARTESIAN_POINT('Origin',(1.76774269805513,99.7896090379559,0.));
#2202=CARTESIAN_POINT('',(-0.282257301944867,99.7896090379559,6.));
#2203=CARTESIAN_POINT('',(-0.282257301944867,99.7896090379559,0.));
#2204=CARTESIAN_POINT('Origin',(1.76774269805513,99.7896090379559,6.));
#2205=CARTESIAN_POINT('Origin',(1.76774269805513,99.7896090379559,6.));
#2206=CARTESIAN_POINT('',(3.16774269805513,99.7896090379559,6.));
#2207=CARTESIAN_POINT('Origin',(1.76774269805513,99.7896090379559,6.));
#2208=CARTESIAN_POINT('Origin',(-93.4882736206055,23.8757658004761,0.));
#2209=CARTESIAN_POINT('',(-95.5382736206055,23.8757658004761,0.));
#2210=CARTESIAN_POINT('Origin',(-93.4882736206055,23.8757658004761,0.));
#2211=CARTESIAN_POINT('',(-95.5382736206055,23.8757658004761,6.));
#2212=CARTESIAN_POINT('',(-95.5382736206055,23.8757658004761,0.));
#2213=CARTESIAN_POINT('Origin',(-93.4882736206055,23.8757658004761,6.));
#2214=CARTESIAN_POINT('Origin',(-93.4882736206055,23.8757658004761,6.));
#2215=CARTESIAN_POINT('',(-92.0882736206055,23.8757658004761,6.));
#2216=CARTESIAN_POINT('Origin',(-93.4882736206055,23.8757658004761,6.));
#2217=CARTESIAN_POINT('Origin',(2.35782563686371,22.8623509407043,0.));
#2218=CARTESIAN_POINT('',(0.307825636863709,22.8623509407043,0.));
#2219=CARTESIAN_POINT('Origin',(2.35782563686371,22.8623509407043,0.));
#2220=CARTESIAN_POINT('',(0.307825636863709,22.8623509407043,6.));
#2221=CARTESIAN_POINT('',(0.307825636863709,22.8623509407043,0.));
#2222=CARTESIAN_POINT('Origin',(2.35782563686371,22.8623509407043,6.));
#2223=CARTESIAN_POINT('Origin',(2.35782563686371,22.8623509407043,6.));
#2224=CARTESIAN_POINT('',(3.75782563686371,22.8623509407043,6.));
#2225=CARTESIAN_POINT('Origin',(2.35782563686371,22.8623509407043,6.));
#2226=CARTESIAN_POINT('Origin',(1.76774269805513,99.7896090379559,3.5));
#2227=CARTESIAN_POINT('',(3.16774269805513,99.7896090379559,12.));
#2228=CARTESIAN_POINT('',(3.16774269805513,99.7896090379559,3.5));
#2229=CARTESIAN_POINT('Origin',(1.76774269805513,99.7896090379559,12.));
#2230=CARTESIAN_POINT('Origin',(1.76774269805513,99.7896090379559,12.));
#2231=CARTESIAN_POINT('Origin',(2.35782563686371,22.8623509407043,3.5));
#2232=CARTESIAN_POINT('',(3.75782563686371,22.8623509407043,12.));
#2233=CARTESIAN_POINT('',(3.75782563686371,22.8623509407043,3.5));
#2234=CARTESIAN_POINT('Origin',(2.35782563686371,22.8623509407043,12.));
#2235=CARTESIAN_POINT('Origin',(2.35782563686371,22.8623509407043,12.));
#2236=CARTESIAN_POINT('Origin',(-93.4882736206055,23.8757658004761,3.5));
#2237=CARTESIAN_POINT('',(-92.0882736206055,23.8757658004761,12.));
#2238=CARTESIAN_POINT('',(-92.0882736206055,23.8757658004761,3.5));
#2239=CARTESIAN_POINT('Origin',(-93.4882736206055,23.8757658004761,12.));
#2240=CARTESIAN_POINT('Origin',(-93.4882736206055,23.8757658004761,12.));
#2241=CARTESIAN_POINT('Origin',(-92.8555433378316,99.4185026589802,3.5));
#2242=CARTESIAN_POINT('',(-91.5910433378316,99.4185026589802,12.));
#2243=CARTESIAN_POINT('',(-91.5910433378316,99.4185026589802,3.5));
#2244=CARTESIAN_POINT('Origin',(-92.8555433378316,99.4185026589802,12.));
#2245=CARTESIAN_POINT('Origin',(-92.8555433378316,99.4185026589802,12.));
#2246=CARTESIAN_POINT('Origin',(-11.0353514362821,78.4951045939243,22.));
#2247=CARTESIAN_POINT('',(-36.4353514362821,78.4951045939243,17.));
#2248=CARTESIAN_POINT('',(-11.0353514362821,78.4951045939243,17.));
#2249=CARTESIAN_POINT('',(-28.2657807740656,78.4951045939243,17.));
#2250=CARTESIAN_POINT('',(-36.4353514362821,78.4951045939243,22.));
#2251=CARTESIAN_POINT('',(-36.4353514362821,78.4951045939243,22.));
#2252=CARTESIAN_POINT('',(-11.0353514362821,78.4951045939243,22.));
#2253=CARTESIAN_POINT('',(-28.2657807740656,78.4951045939243,22.));
#2254=CARTESIAN_POINT('',(-11.0353514362821,78.4951045939243,22.));
#2255=CARTESIAN_POINT('Origin',(-11.0353514362821,85.1951045939242,22.));
#2256=CARTESIAN_POINT('',(-11.0353514362821,85.1951045939242,17.));
#2257=CARTESIAN_POINT('',(-11.0353514362821,67.1929969806698,17.));
#2258=CARTESIAN_POINT('',(-11.0353514362821,85.1951045939242,22.));
#2259=CARTESIAN_POINT('',(-11.0353514362821,67.1929969806698,22.));
#2260=CARTESIAN_POINT('',(-11.0353514362821,85.1951045939242,22.));
#2261=CARTESIAN_POINT('Origin',(-36.4353514362821,85.1951045939242,22.));
#2262=CARTESIAN_POINT('',(-36.4353514362821,85.1951045939242,17.));
#2263=CARTESIAN_POINT('',(-40.9657807740656,85.1951045939242,17.));
#2264=CARTESIAN_POINT('',(-36.4353514362821,85.1951045939242,22.));
#2265=CARTESIAN_POINT('',(-40.9657807740656,85.1951045939242,22.));
#2266=CARTESIAN_POINT('',(-36.4353514362821,85.1951045939242,22.));
#2267=CARTESIAN_POINT('Origin',(-36.4353514362821,78.4951045939243,22.));
#2268=CARTESIAN_POINT('',(-36.4353514362821,63.8429969806698,17.));
#2269=CARTESIAN_POINT('',(-36.4353514362821,63.8429969806698,22.));
#2270=CARTESIAN_POINT('Origin',(-24.9256562287642,6.52243872193407,7.05920796825887));
#2271=CARTESIAN_POINT('',(-24.9256562287642,6.52243872193407,7.05920796825887));
#2272=CARTESIAN_POINT('',(-28.6813999768038,6.52243872193407,7.05920796825887));
#2273=CARTESIAN_POINT('',(-9.96282807712919,6.52243872193407,7.05920796825887));
#2274=CARTESIAN_POINT('',(-24.9256562287642,6.52243872193407,8.55920796825887));
#2275=CARTESIAN_POINT('',(-24.9256562287642,6.52243872193407,7.05920796825887));
#2276=CARTESIAN_POINT('',(-28.6813999768038,6.52243872193407,8.55920796825887));
#2277=CARTESIAN_POINT('',(-28.6813999768038,6.52243872193407,8.55920796825887));
#2278=CARTESIAN_POINT('',(-28.6813999768038,6.52243872193407,7.05920796825887));
#2279=CARTESIAN_POINT('Origin',(-24.9256562287642,3.22068597640474,7.05920796825887));
#2280=CARTESIAN_POINT('',(-24.9256562287642,3.22068597640474,7.05920796825887));
#2281=CARTESIAN_POINT('',(-24.9256562287642,6.52173380123722,7.05920796825887));
#2282=CARTESIAN_POINT('',(-24.9256562287642,3.22068597640474,8.55920796825887));
#2283=CARTESIAN_POINT('',(-24.9256562287642,3.22068597640474,7.05920796825887));
#2284=CARTESIAN_POINT('',(-24.9256562287642,6.52243872193407,8.55920796825887));
#2285=CARTESIAN_POINT('Origin',(-28.6813999768038,3.22068597640474,7.05920796825887));
#2286=CARTESIAN_POINT('',(-28.6813999768038,3.22068597640474,7.05920796825887));
#2287=CARTESIAN_POINT('',(-11.840699951149,3.22068597640474,7.05920796825887));
#2288=CARTESIAN_POINT('',(-28.6813999768038,3.22068597640474,8.55920796825887));
#2289=CARTESIAN_POINT('',(-28.6813999768038,3.22068597640474,7.05920796825887));
#2290=CARTESIAN_POINT('',(-24.9256562287642,3.22068597640474,8.55920796825887));
#2291=CARTESIAN_POINT('Origin',(-28.6813999768038,6.52243872193407,7.05920796825887));
#2292=CARTESIAN_POINT('',(-28.6813999768038,8.17261017400188,7.05920796825887));
#2293=CARTESIAN_POINT('',(-28.6813999768038,3.22068597640474,8.55920796825887));
#2294=CARTESIAN_POINT('Origin',(-26.803528102784,4.87156234916941,8.55920796825887));
#2295=CARTESIAN_POINT('Origin',(-64.133970081925,6.52243872193407,7.05920796825887));
#2296=CARTESIAN_POINT('',(-64.133970081925,6.52243872193407,7.05920796825887));
#2297=CARTESIAN_POINT('',(-67.8897138299646,6.52243872193407,7.05920796825887));
#2298=CARTESIAN_POINT('',(-29.5669850037096,6.52243872193407,7.05920796825887));
#2299=CARTESIAN_POINT('',(-64.133970081925,6.52243872193407,8.55920796825887));
#2300=CARTESIAN_POINT('',(-64.133970081925,6.52243872193407,7.05920796825887));
#2301=CARTESIAN_POINT('',(-67.8897138299646,6.52243872193407,8.55920796825887));
#2302=CARTESIAN_POINT('',(-67.8897138299646,6.52243872193407,8.55920796825887));
#2303=CARTESIAN_POINT('',(-67.8897138299646,6.52243872193407,7.05920796825887));
#2304=CARTESIAN_POINT('Origin',(-64.133970081925,3.22068597640474,7.05920796825887));
#2305=CARTESIAN_POINT('',(-64.133970081925,3.22068597640474,7.05920796825887));
#2306=CARTESIAN_POINT('',(-64.133970081925,6.52173380123722,7.05920796825887));
#2307=CARTESIAN_POINT('',(-64.133970081925,3.22068597640474,8.55920796825887));
#2308=CARTESIAN_POINT('',(-64.133970081925,3.22068597640474,7.05920796825887));
#2309=CARTESIAN_POINT('',(-64.133970081925,6.52243872193407,8.55920796825887));
#2310=CARTESIAN_POINT('Origin',(-67.8897138299646,3.22068597640474,7.05920796825887));
#2311=CARTESIAN_POINT('',(-67.8897138299646,3.22068597640474,7.05920796825887));
#2312=CARTESIAN_POINT('',(-31.4448568777294,3.22068597640474,7.05920796825887));
#2313=CARTESIAN_POINT('',(-67.8897138299646,3.22068597640474,8.55920796825887));
#2314=CARTESIAN_POINT('',(-67.8897138299646,3.22068597640474,7.05920796825887));
#2315=CARTESIAN_POINT('',(-64.133970081925,3.22068597640474,8.55920796825887));
#2316=CARTESIAN_POINT('Origin',(-67.8897138299646,6.52243872193407,7.05920796825887));
#2317=CARTESIAN_POINT('',(-67.8897138299646,8.17261017400188,7.05920796825887));
#2318=CARTESIAN_POINT('',(-67.8897138299646,3.22068597640474,8.55920796825887));
#2319=CARTESIAN_POINT('Origin',(-66.0118419559448,4.87156234916941,8.55920796825887));
#2320=CARTESIAN_POINT('Origin',(-73.9566844998748,6.72879826852966,7.05920796825887));
#2321=CARTESIAN_POINT('',(-73.9566844998748,6.72879826852966,7.05920796825887));
#2322=CARTESIAN_POINT('',(-77.7537001572335,6.72879826852966,7.05920796825887));
#2323=CARTESIAN_POINT('',(-34.4783422126845,6.72879826852966,7.05920796825887));
#2324=CARTESIAN_POINT('',(-73.9566844998748,6.72879826852966,8.55920796825887));
#2325=CARTESIAN_POINT('',(-73.9566844998748,6.72879826852966,7.05920796825887));
#2326=CARTESIAN_POINT('',(-77.7537001572335,6.72879826852966,8.55920796825887));
#2327=CARTESIAN_POINT('',(-77.7537001572335,6.72879826852966,8.55920796825887));
#2328=CARTESIAN_POINT('',(-77.7537001572335,6.72879826852966,7.05920796825887));
#2329=CARTESIAN_POINT('Origin',(-73.9566844998748,3.22068597640474,7.05920796825887));
#2330=CARTESIAN_POINT('',(-73.9566844998748,3.22068597640474,7.05920796825887));
#2331=CARTESIAN_POINT('',(-73.9566844998748,6.52173380123722,7.05920796825887));
#2332=CARTESIAN_POINT('',(-73.9566844998748,3.22068597640474,8.55920796825887));
#2333=CARTESIAN_POINT('',(-73.9566844998748,3.22068597640474,7.05920796825887));
#2334=CARTESIAN_POINT('',(-73.9566844998748,6.72879826852966,8.55920796825887));
#2335=CARTESIAN_POINT('Origin',(-77.7537001572335,3.22068597640474,7.05920796825887));
#2336=CARTESIAN_POINT('',(-77.7537001572335,3.22068597640474,7.05920796825887));
#2337=CARTESIAN_POINT('',(-36.3768500413639,3.22068597640474,7.05920796825887));
#2338=CARTESIAN_POINT('',(-77.7537001572335,3.22068597640474,8.55920796825887));
#2339=CARTESIAN_POINT('',(-77.7537001572335,3.22068597640474,7.05920796825887));
#2340=CARTESIAN_POINT('',(-73.9566844998748,3.22068597640474,8.55920796825887));
#2341=CARTESIAN_POINT('Origin',(-77.7537001572335,6.72879826852966,7.05920796825887));
#2342=CARTESIAN_POINT('',(-77.7537001572335,8.27578994729967,7.05920796825887));
#2343=CARTESIAN_POINT('',(-77.7537001572335,3.22068597640474,8.55920796825887));
#2344=CARTESIAN_POINT('Origin',(-75.8551923285542,4.9747421224672,8.55920796825887));
#2345=CARTESIAN_POINT('Origin',(-34.748370646714,6.52243872193407,7.05920796825887));
#2346=CARTESIAN_POINT('',(-34.748370646714,6.52243872193407,7.05920796825887));
#2347=CARTESIAN_POINT('',(-38.4215705761153,6.52243872193407,7.05920796825887));
#2348=CARTESIAN_POINT('',(-14.8741852861041,6.52243872193407,7.05920796825887));
#2349=CARTESIAN_POINT('',(-34.748370646714,6.52243872193407,8.55920796825887));
#2350=CARTESIAN_POINT('',(-34.748370646714,6.52243872193407,7.05920796825887));
#2351=CARTESIAN_POINT('',(-38.4215705761153,6.52243872193407,8.55920796825887));
#2352=CARTESIAN_POINT('',(-38.4215705761153,6.52243872193407,8.55920796825887));
#2353=CARTESIAN_POINT('',(-38.4215705761153,6.52243872193407,7.05920796825887));
#2354=CARTESIAN_POINT('Origin',(-34.748370646714,3.22068597640474,7.05920796825887));
#2355=CARTESIAN_POINT('',(-34.748370646714,3.22068597640474,7.05920796825887));
#2356=CARTESIAN_POINT('',(-34.748370646714,6.52173380123722,7.05920796825887));
#2357=CARTESIAN_POINT('',(-34.748370646714,3.22068597640474,8.55920796825887));
#2358=CARTESIAN_POINT('',(-34.748370646714,3.22068597640474,7.05920796825887));
#2359=CARTESIAN_POINT('',(-34.748370646714,6.52243872193407,8.55920796825887));
#2360=CARTESIAN_POINT('Origin',(-38.4215705761153,3.22068597640474,7.05920796825887));
#2361=CARTESIAN_POINT('',(-38.4215705761153,3.22068597640474,7.05920796825887));
#2362=CARTESIAN_POINT('',(-16.7107852508048,3.22068597640474,7.05920796825887));
#2363=CARTESIAN_POINT('',(-38.4215705761153,3.22068597640474,8.55920796825887));
#2364=CARTESIAN_POINT('',(-38.4215705761153,3.22068597640474,7.05920796825887));
#2365=CARTESIAN_POINT('',(-34.748370646714,3.22068597640474,8.55920796825887));
#2366=CARTESIAN_POINT('Origin',(-38.4215705761153,6.52243872193407,7.05920796825887));
#2367=CARTESIAN_POINT('',(-38.4215705761153,8.17261017400188,7.05920796825887));
#2368=CARTESIAN_POINT('',(-38.4215705761153,3.22068597640474,8.55920796825887));
#2369=CARTESIAN_POINT('Origin',(-36.5849706114146,4.87156234916941,8.55920796825887));
#2370=CARTESIAN_POINT('Origin',(-15.1854856294526,6.52243872193407,7.05920796825887));
#2371=CARTESIAN_POINT('',(-15.1854856294526,6.52243872193407,7.05920796825887));
#2372=CARTESIAN_POINT('',(-18.858685558854,6.52243872193407,7.05920796825887));
#2373=CARTESIAN_POINT('',(-5.09274277747342,6.52243872193407,7.05920796825887));
#2374=CARTESIAN_POINT('',(-15.1854856294526,6.52243872193407,8.55920796825887));
#2375=CARTESIAN_POINT('',(-15.1854856294526,6.52243872193407,7.05920796825887));
#2376=CARTESIAN_POINT('',(-18.858685558854,6.52243872193407,8.55920796825887));
#2377=CARTESIAN_POINT('',(-18.858685558854,6.52243872193407,8.55920796825887));
#2378=CARTESIAN_POINT('',(-18.858685558854,6.52243872193407,7.05920796825887));
#2379=CARTESIAN_POINT('Origin',(-15.1854856294526,3.22068597640474,7.05920796825887));
#2380=CARTESIAN_POINT('',(-15.1854856294526,3.22068597640474,7.05920796825887));
#2381=CARTESIAN_POINT('',(-15.1854856294526,6.52173380123722,7.05920796825887));
#2382=CARTESIAN_POINT('',(-15.1854856294526,3.22068597640474,8.55920796825887));
#2383=CARTESIAN_POINT('',(-15.1854856294526,3.22068597640474,7.05920796825887));
#2384=CARTESIAN_POINT('',(-15.1854856294526,6.52243872193407,8.55920796825887));
#2385=CARTESIAN_POINT('Origin',(-18.858685558854,3.22068597640474,7.05920796825887));
#2386=CARTESIAN_POINT('',(-18.858685558854,3.22068597640474,7.05920796825887));
#2387=CARTESIAN_POINT('',(-6.92934274217412,3.22068597640474,7.05920796825887));
#2388=CARTESIAN_POINT('',(-18.858685558854,3.22068597640474,8.55920796825887));
#2389=CARTESIAN_POINT('',(-18.858685558854,3.22068597640474,7.05920796825887));
#2390=CARTESIAN_POINT('',(-15.1854856294526,3.22068597640474,8.55920796825887));
#2391=CARTESIAN_POINT('Origin',(-18.858685558854,6.52243872193407,7.05920796825887));
#2392=CARTESIAN_POINT('',(-18.858685558854,8.17261017400188,7.05920796825887));
#2393=CARTESIAN_POINT('',(-18.858685558854,3.22068597640474,8.55920796825887));
#2394=CARTESIAN_POINT('Origin',(-17.0220855941533,4.87156234916941,8.55920796825887));
#2395=CARTESIAN_POINT('Origin',(-54.4763433012517,6.52243872193407,7.05920796825887));
#2396=CARTESIAN_POINT('',(-54.4763433012517,6.52243872193407,7.05920796825887));
#2397=CARTESIAN_POINT('',(-58.108271321334,6.52243872193407,7.05920796825887));
#2398=CARTESIAN_POINT('',(-24.738171613373,6.52243872193407,7.05920796825887));
#2399=CARTESIAN_POINT('',(-54.4763433012517,6.52243872193407,8.55920796825887));
#2400=CARTESIAN_POINT('',(-54.4763433012517,6.52243872193407,7.05920796825887));
#2401=CARTESIAN_POINT('',(-58.108271321334,6.52243872193407,8.55920796825887));
#2402=CARTESIAN_POINT('',(-58.108271321334,6.52243872193407,8.55920796825887));
#2403=CARTESIAN_POINT('',(-58.108271321334,6.52243872193407,7.05920796825887));
#2404=CARTESIAN_POINT('Origin',(-54.4763433012517,3.22068597640474,7.05920796825887));
#2405=CARTESIAN_POINT('',(-54.4763433012517,3.22068597640474,7.05920796825887));
#2406=CARTESIAN_POINT('',(-54.4763433012517,6.52173380123722,7.05920796825887));
#2407=CARTESIAN_POINT('',(-54.4763433012517,3.22068597640474,8.55920796825887));
#2408=CARTESIAN_POINT('',(-54.4763433012517,3.22068597640474,7.05920796825887));
#2409=CARTESIAN_POINT('',(-54.4763433012517,6.52243872193407,8.55920796825887));
#2410=CARTESIAN_POINT('Origin',(-58.108271321334,3.22068597640474,7.05920796825887));
#2411=CARTESIAN_POINT('',(-58.108271321334,3.22068597640474,7.05920796825887));
#2412=CARTESIAN_POINT('',(-26.5541356234141,3.22068597640474,7.05920796825887));
#2413=CARTESIAN_POINT('',(-58.108271321334,3.22068597640474,8.55920796825887));
#2414=CARTESIAN_POINT('',(-58.108271321334,3.22068597640474,7.05920796825887));
#2415=CARTESIAN_POINT('',(-54.4763433012517,3.22068597640474,8.55920796825887));
#2416=CARTESIAN_POINT('Origin',(-58.108271321334,6.52243872193407,7.05920796825887));
#2417=CARTESIAN_POINT('',(-58.108271321334,8.17261017400188,7.05920796825887));
#2418=CARTESIAN_POINT('',(-58.108271321334,3.22068597640474,8.55920796825887));
#2419=CARTESIAN_POINT('Origin',(-56.2923073112928,4.87156234916941,8.55920796825887));
#2420=CARTESIAN_POINT('Origin',(-83.8206708271437,6.72879826852966,7.05920796825887));
#2421=CARTESIAN_POINT('',(-83.8206708271437,6.72879826852966,7.05920796825887));
#2422=CARTESIAN_POINT('',(-87.6589583938215,6.72879826852966,7.05920796825887));
#2423=CARTESIAN_POINT('',(-39.4103353763189,6.72879826852966,7.05920796825887));
#2424=CARTESIAN_POINT('',(-83.8206708271437,6.72879826852966,8.55920796825887));
#2425=CARTESIAN_POINT('',(-83.8206708271437,6.72879826852966,7.05920796825887));
#2426=CARTESIAN_POINT('',(-87.6589583938215,6.72879826852966,8.55920796825887));
#2427=CARTESIAN_POINT('',(-87.6589583938215,6.72879826852966,8.55920796825887));
#2428=CARTESIAN_POINT('',(-87.6589583938215,6.72879826852966,7.05920796825887));
#2429=CARTESIAN_POINT('Origin',(-83.8206708271437,3.22068597640474,7.05920796825887));
#2430=CARTESIAN_POINT('',(-83.8206708271437,3.22068597640474,7.05920796825887));
#2431=CARTESIAN_POINT('',(-83.8206708271437,6.52173380123722,7.05920796825887));
#2432=CARTESIAN_POINT('',(-83.8206708271437,3.22068597640474,8.55920796825887));
#2433=CARTESIAN_POINT('',(-83.8206708271437,3.22068597640474,7.05920796825887));
#2434=CARTESIAN_POINT('',(-83.8206708271437,6.72879826852966,8.55920796825887));
#2435=CARTESIAN_POINT('Origin',(-87.6589583938215,3.22068597640474,7.05920796825887));
#2436=CARTESIAN_POINT('',(-87.6589583938215,3.22068597640474,7.05920796825887));
#2437=CARTESIAN_POINT('',(-41.3294791596579,3.22068597640474,7.05920796825887));
#2438=CARTESIAN_POINT('',(-87.6589583938215,3.22068597640474,8.55920796825887));
#2439=CARTESIAN_POINT('',(-87.6589583938215,3.22068597640474,7.05920796825887));
#2440=CARTESIAN_POINT('',(-83.8206708271437,3.22068597640474,8.55920796825887));
#2441=CARTESIAN_POINT('Origin',(-87.6589583938215,6.72879826852966,7.05920796825887));
#2442=CARTESIAN_POINT('',(-87.6589583938215,8.27578994729967,7.05920796825887));
#2443=CARTESIAN_POINT('',(-87.6589583938215,3.22068597640474,8.55920796825887));
#2444=CARTESIAN_POINT('Origin',(-85.7398146104826,4.9747421224672,8.55920796825887));
#2445=CARTESIAN_POINT('Origin',(-44.6536288833019,6.52243872193407,7.05920796825887));
#2446=CARTESIAN_POINT('',(-44.6536288833019,6.52243872193407,7.05920796825887));
#2447=CARTESIAN_POINT('',(-48.2855569033842,6.52243872193407,7.05920796825887));
#2448=CARTESIAN_POINT('',(-19.8268144043981,6.52243872193407,7.05920796825887));
#2449=CARTESIAN_POINT('',(-44.6536288833019,6.52243872193407,8.55920796825887));
#2450=CARTESIAN_POINT('',(-44.6536288833019,6.52243872193407,7.05920796825887));
#2451=CARTESIAN_POINT('',(-48.2855569033842,6.52243872193407,8.55920796825887));
#2452=CARTESIAN_POINT('',(-48.2855569033842,6.52243872193407,8.55920796825887));
#2453=CARTESIAN_POINT('',(-48.2855569033842,6.52243872193407,7.05920796825887));
#2454=CARTESIAN_POINT('Origin',(-44.6536288833019,3.22068597640474,7.05920796825887));
#2455=CARTESIAN_POINT('',(-44.6536288833019,3.22068597640474,7.05920796825887));
#2456=CARTESIAN_POINT('',(-44.6536288833019,6.52173380123722,7.05920796825887));
#2457=CARTESIAN_POINT('',(-44.6536288833019,3.22068597640474,8.55920796825887));
#2458=CARTESIAN_POINT('',(-44.6536288833019,3.22068597640474,7.05920796825887));
#2459=CARTESIAN_POINT('',(-44.6536288833019,6.52243872193407,8.55920796825887));
#2460=CARTESIAN_POINT('Origin',(-48.2855569033842,3.22068597640474,7.05920796825887));
#2461=CARTESIAN_POINT('',(-48.2855569033842,3.22068597640474,7.05920796825887));
#2462=CARTESIAN_POINT('',(-21.6427784144392,3.22068597640474,7.05920796825887));
#2463=CARTESIAN_POINT('',(-48.2855569033842,3.22068597640474,8.55920796825887));
#2464=CARTESIAN_POINT('',(-48.2855569033842,3.22068597640474,7.05920796825887));
#2465=CARTESIAN_POINT('',(-44.6536288833019,3.22068597640474,8.55920796825887));
#2466=CARTESIAN_POINT('Origin',(-48.2855569033842,6.52243872193407,7.05920796825887));
#2467=CARTESIAN_POINT('',(-48.2855569033842,8.17261017400188,7.05920796825887));
#2468=CARTESIAN_POINT('',(-48.2855569033842,3.22068597640474,8.55920796825887));
#2469=CARTESIAN_POINT('Origin',(-46.4695928933431,4.87156234916941,8.55920796825887));
#2470=CARTESIAN_POINT('Origin',(-5.48658693946023,6.52243872193407,7.05920796825887));
#2471=CARTESIAN_POINT('',(-5.48658693946023,6.52243872193407,7.05920796825887));
#2472=CARTESIAN_POINT('',(-9.03597114090426,6.52243872193407,7.05920796825887));
#2473=CARTESIAN_POINT('',(-0.243293432477212,6.52243872193407,7.05920796825887));
#2474=CARTESIAN_POINT('',(-5.48658693946023,6.52243872193407,8.55920796825887));
#2475=CARTESIAN_POINT('',(-5.48658693946023,6.52243872193407,7.05920796825887));
#2476=CARTESIAN_POINT('',(-9.03597114090426,6.52243872193407,8.55920796825887));
#2477=CARTESIAN_POINT('',(-9.03597114090426,6.52243872193407,8.55920796825887));
#2478=CARTESIAN_POINT('',(-9.03597114090426,6.52243872193407,7.05920796825887));
#2479=CARTESIAN_POINT('Origin',(-5.48658693946023,3.22068597640474,7.05920796825887));
#2480=CARTESIAN_POINT('',(-5.48658693946023,3.22068597640474,7.05920796825887));
#2481=CARTESIAN_POINT('',(-5.48658693946023,6.52173380123722,7.05920796825887));
#2482=CARTESIAN_POINT('',(-5.48658693946023,3.22068597640474,8.55920796825887));
#2483=CARTESIAN_POINT('',(-5.48658693946023,3.22068597640474,7.05920796825887));
#2484=CARTESIAN_POINT('',(-5.48658693946023,6.52243872193407,8.55920796825887));
#2485=CARTESIAN_POINT('Origin',(-9.03597114090426,3.22068597640474,7.05920796825887));
#2486=CARTESIAN_POINT('',(-9.03597114090426,3.22068597640474,7.05920796825887));
#2487=CARTESIAN_POINT('',(-2.01798553319923,3.22068597640474,7.05920796825887));
#2488=CARTESIAN_POINT('',(-9.03597114090426,3.22068597640474,8.55920796825887));
#2489=CARTESIAN_POINT('',(-9.03597114090426,3.22068597640474,7.05920796825887));
#2490=CARTESIAN_POINT('',(-5.48658693946023,3.22068597640474,8.55920796825887));
#2491=CARTESIAN_POINT('Origin',(-9.03597114090426,6.52243872193407,7.05920796825887));
#2492=CARTESIAN_POINT('',(-9.03597114090426,8.17261017400188,7.05920796825887));
#2493=CARTESIAN_POINT('',(-9.03597114090426,3.22068597640474,8.55920796825887));
#2494=CARTESIAN_POINT('Origin',(-7.26127904018225,4.87156234916941,8.55920796825887));
#2495=CARTESIAN_POINT('Origin',(-20.2481050186716,92.5,12.));
#2496=CARTESIAN_POINT('',(-95.9924202982039,102.5,12.));
#2497=CARTESIAN_POINT('',(-95.9924202982039,92.5,22.));
#2498=CARTESIAN_POINT('Origin',(-95.9924202982039,92.5,12.));
#2499=CARTESIAN_POINT('',(5.00000007450581,92.5,22.));
#2500=CARTESIAN_POINT('',(-20.2481050186716,92.5,22.));
#2501=CARTESIAN_POINT('',(5.00000007450581,102.5,12.));
#2502=CARTESIAN_POINT('Origin',(5.00000007450581,92.5,12.));
#2503=CARTESIAN_POINT('',(-20.2481050186716,102.5,12.));
#2504=CARTESIAN_POINT('Origin',(5.00000007450581,-4.11822126516936,0.));
#2505=CARTESIAN_POINT('',(5.00000007450581,15.3227816260697,22.));
#2506=CARTESIAN_POINT('',(5.00000007450581,-4.11822126516936,22.));
#2507=CARTESIAN_POINT('',(5.00000007450581,7.82278162606969,14.5));
#2508=CARTESIAN_POINT('Origin',(5.00000007450581,15.3227816260697,14.5));
#2509=CARTESIAN_POINT('',(5.00000007450581,7.82278162606969,14.0592079682589));
#2510=CARTESIAN_POINT('',(5.00000007450581,7.82278162606969,22.));
#2511=CARTESIAN_POINT('',(5.00000007450581,2.82278162606969,9.05920796825887));
#2512=CARTESIAN_POINT('Origin',(5.00000007450581,2.82278162606969,14.0592079682589));
#2513=CARTESIAN_POINT('',(5.00000007450581,0.881778734830636,9.05920796825887));
#2514=CARTESIAN_POINT('',(5.00000007450581,7.82278162606969,9.05920796825887));
#2515=CARTESIAN_POINT('',(5.00000007450581,-4.11822126516936,4.05920796825887));
#2516=CARTESIAN_POINT('Origin',(5.00000007450581,0.881778734830636,4.05920796825887));
#2517=CARTESIAN_POINT('',(5.00000007450581,-4.11822126516936,0.));
#2518=CARTESIAN_POINT('',(5.00000007450581,-4.11822126516936,0.));
#2519=CARTESIAN_POINT('',(5.00000007450581,102.5,0.));
#2520=CARTESIAN_POINT('',(5.00000007450581,102.5,0.));
#2521=CARTESIAN_POINT('',(5.00000007450581,102.5,0.));
#2522=CARTESIAN_POINT('Origin',(-45.4962101118491,49.1908893674153,22.));
#2523=CARTESIAN_POINT('',(-95.9924202982039,15.3227816260697,22.));
#2524=CARTESIAN_POINT('',(-95.9924202982039,102.5,22.));
#2525=CARTESIAN_POINT('',(-59.5000005960464,15.3227816260697,22.));
#2526=CARTESIAN_POINT('',(-20.2481050186716,15.3227816260697,22.));
#2527=CARTESIAN_POINT('',(-59.5000005960464,70.000000461936,22.));
#2528=CARTESIAN_POINT('',(-59.5000005960464,12.0000001788139,22.));
#2529=CARTESIAN_POINT('',(-1.20000031292439,70.000000461936,22.));
#2530=CARTESIAN_POINT('',(-59.5000005960464,70.000000461936,22.));
#2531=CARTESIAN_POINT('',(-1.20000031292439,15.3227816260697,22.));
#2532=CARTESIAN_POINT('',(-1.20000031292439,70.000000461936,22.));
#2533=CARTESIAN_POINT('',(-20.2481050186716,15.3227816260697,22.));
#2534=CARTESIAN_POINT('Origin',(-20.2481050186716,15.3227816260697,14.5));
#2535=CARTESIAN_POINT('',(-1.20000031292439,12.0000001788139,21.2237730073057));
#2536=CARTESIAN_POINT('',(-59.5000005960465,12.0000001788139,21.2237730073057));
#2537=CARTESIAN_POINT('',(-20.2481050186716,12.0000001788139,21.2237730073057));
#2538=CARTESIAN_POINT('Origin',(-59.5000005960464,15.3227816260697,14.5));
#2539=CARTESIAN_POINT('',(-95.992420298204,9.82278162606969,19.5990195135928));
#2540=CARTESIAN_POINT('Origin',(-95.9924202982039,15.3227816260697,14.5));
#2541=CARTESIAN_POINT('',(-95.9919999254942,9.82278162606969,19.5990195135928));
#2542=CARTESIAN_POINT('',(-20.2481050186716,9.82278162606969,19.5990195135928));
#2543=CARTESIAN_POINT('',(-95.9919999254942,7.82278162606969,14.5));
#2544=CARTESIAN_POINT('Origin',(-95.9919999254942,15.3227816260697,14.5));
#2545=CARTESIAN_POINT('',(-20.2481050186716,7.82278162606969,14.5));
#2546=CARTESIAN_POINT('Origin',(-1.20000031292439,15.3227816260697,14.5));
#2547=CARTESIAN_POINT('Origin',(-1.20000031292439,31.000000461936,17.));
#2548=CARTESIAN_POINT('',(-1.20000031292439,70.000000461936,17.));
#2549=CARTESIAN_POINT('',(-1.20000031292439,70.000000461936,17.));
#2550=CARTESIAN_POINT('',(-1.20000031292439,12.0000001788139,17.));
#2551=CARTESIAN_POINT('',(-1.20000031292439,70.000000461936,17.));
#2552=CARTESIAN_POINT('',(-1.20000031292439,12.0000001788139,17.));
#2553=CARTESIAN_POINT('Origin',(5.00000007450581,7.82278162606969,9.05920796825887));
#2554=CARTESIAN_POINT('',(-95.9919999254942,7.82278162606969,14.0592079682589));
#2555=CARTESIAN_POINT('',(-95.9919999254942,7.82278162606969,22.));
#2556=CARTESIAN_POINT('',(5.00000007450581,7.82278162606969,14.0592079682589));
#2557=CARTESIAN_POINT('Origin',(-95.9919999254942,2.85228018045016,14.5296039841294));
#2558=CARTESIAN_POINT('',(-95.9919999254942,9.82278162606969,7.05920796825887));
#2559=CARTESIAN_POINT('',(-95.9919999254942,9.82278162606969,18.2648019920647));
#2560=CARTESIAN_POINT('',(-95.9919999254942,-3.11822126516936,7.05920796825887));
#2561=CARTESIAN_POINT('',(-95.9919999254942,6.33753090325993,7.05920796825887));
#2562=CARTESIAN_POINT('',(-95.9919999254942,0.881778734830636,9.05920796825887));
#2563=CARTESIAN_POINT('Origin',(-95.9919999254942,0.881778734830636,4.05920796825887));
#2564=CARTESIAN_POINT('',(-95.9919999254942,2.82278162606969,9.05920796825887));
#2565=CARTESIAN_POINT('',(-95.9919999254942,7.82278162606969,9.05920796825887));
#2566=CARTESIAN_POINT('Origin',(-95.9919999254942,2.82278162606969,14.0592079682589));
#2567=CARTESIAN_POINT('Origin',(5.00000007450581,9.82278162606969,22.));
#2568=CARTESIAN_POINT('',(-95.9924202982039,9.82278162606969,7.05920796825887));
#2569=CARTESIAN_POINT('',(-95.9924202982039,9.82278162606969,11.));
#2570=CARTESIAN_POINT('',(5.00000007450581,9.82278162606969,7.05920796825887));
#2571=CARTESIAN_POINT('Origin',(-95.9924202982039,102.5,0.));
#2572=CARTESIAN_POINT('',(-95.9924202982039,102.5,0.));
#2573=CARTESIAN_POINT('',(-95.9924202982039,102.5,0.));
#2574=CARTESIAN_POINT('',(-95.9924202982039,-4.11822126516936,0.));
#2575=CARTESIAN_POINT('',(-95.9924202982039,-4.11822126516936,0.));
#2576=CARTESIAN_POINT('',(-95.9924202982039,-4.11822126516936,4.05920796825887));
#2577=CARTESIAN_POINT('',(-95.9924202982039,-4.11822126516936,0.));
#2578=CARTESIAN_POINT('',(-95.9924202982039,-3.11822126516936,7.05920796825887));
#2579=CARTESIAN_POINT('Origin',(-95.9924202982039,0.881778734830636,4.05920796825887));
#2580=CARTESIAN_POINT('',(-95.9924202982039,56.1613908130348,7.05920796825887));
#2581=CARTESIAN_POINT('Origin',(-59.5000005960464,12.0000001788139,17.));
#2582=CARTESIAN_POINT('',(-59.5000005960464,12.0000001788139,17.));
#2583=CARTESIAN_POINT('',(-59.5000005960464,12.0000001788139,17.));
#2584=CARTESIAN_POINT('',(-59.5000005960464,70.000000461936,17.));
#2585=CARTESIAN_POINT('',(-59.5000005960464,30.5954445495972,17.));
#2586=CARTESIAN_POINT('',(-59.5000005960464,70.000000461936,17.));
#2587=CARTESIAN_POINT('Origin',(-45.4962101118491,0.881778734830636,4.05920796825887));
#2588=CARTESIAN_POINT('',(-45.4962101118491,-4.11822126516936,4.05920796825887));
#2589=CARTESIAN_POINT('',(-45.4962101118491,0.881778734830636,9.05920796825887));
#2590=CARTESIAN_POINT('',(-45.4962101118491,-3.11822126516936,7.05920796825887));
#2591=CARTESIAN_POINT('Origin',(5.00000007450581,-4.11822126516936,9.05920796825887));
#2592=CARTESIAN_POINT('',(5.00000007450581,2.82278162606969,9.05920796825887));
#2593=CARTESIAN_POINT('Origin',(-95.9924202982039,-4.11822126516936,0.));
#2594=CARTESIAN_POINT('',(5.00000007450581,-4.11822126516936,0.));
#2595=CARTESIAN_POINT('Origin',(5.00000007450581,2.82278162606969,14.0592079682589));
#2596=CARTESIAN_POINT('Origin',(5.00000007450581,9.82278162606969,7.05920796825887));
#2597=CARTESIAN_POINT('',(0.,0.,7.05920796825887));
#2598=CARTESIAN_POINT('',(0.,9.82278162606969,7.05920796825887));
#2599=CARTESIAN_POINT('',(0.,53.6613908130348,7.05920796825887));
#2600=CARTESIAN_POINT('',(-91.,0.,7.05920796825887));
#2601=CARTESIAN_POINT('',(2.5000000372529,0.,7.05920796825887));
#2602=CARTESIAN_POINT('',(-91.,9.82278162606969,7.05920796825887));
#2603=CARTESIAN_POINT('',(-91.,4.91139081303484,7.05920796825887));
#2604=CARTESIAN_POINT('',(5.00000007450581,9.82278162606969,7.05920796825887));
#2605=CARTESIAN_POINT('Origin',(5.00000007450581,9.82278162606969,22.));
#2606=CARTESIAN_POINT('',(0.,9.82278162606969,17.));
#2607=CARTESIAN_POINT('',(0.,9.82278162606969,11.));
#2608=CARTESIAN_POINT('',(-91.,9.82278162606969,17.));
#2609=CARTESIAN_POINT('',(-91.,9.82278162606969,11.));
#2610=CARTESIAN_POINT('',(-20.2481050186716,9.82278162606969,17.));
#2611=CARTESIAN_POINT('Origin',(5.00000007450581,9.82278162606969,7.05920796825887));
#2612=CARTESIAN_POINT('Origin',(0.,0.,0.));
#2613=CARTESIAN_POINT('',(0.,0.,0.));
#2614=CARTESIAN_POINT('',(0.,0.,0.));
#2615=CARTESIAN_POINT('',(-91.,0.,0.));
#2616=CARTESIAN_POINT('',(0.,0.,0.));
#2617=CARTESIAN_POINT('',(-91.,0.,0.));
#2618=CARTESIAN_POINT('Origin',(0.,97.5,0.));
#2619=CARTESIAN_POINT('',(0.,97.5,17.));
#2620=CARTESIAN_POINT('',(0.,97.5,17.));
#2621=CARTESIAN_POINT('',(0.,97.5,0.));
#2622=CARTESIAN_POINT('',(0.,97.5,0.));
#2623=CARTESIAN_POINT('',(0.,97.5,0.));
#2624=CARTESIAN_POINT('Origin',(-45.4962101118491,49.1908893674153,17.));
#2625=CARTESIAN_POINT('',(-91.,97.5,17.));
#2626=CARTESIAN_POINT('',(-91.,0.,17.));
#2627=CARTESIAN_POINT('',(-91.,97.5,17.));
#2628=CARTESIAN_POINT('',(-1.20000031292439,12.0000001788139,17.));
#2629=CARTESIAN_POINT('',(-59.5000005960464,70.000000461936,17.));
#2630=CARTESIAN_POINT('Origin',(-21.0000003129244,12.0000001788139,17.));
#2631=CARTESIAN_POINT('Origin',(-59.5000005960464,70.000000461936,17.));
#2632=CARTESIAN_POINT('Origin',(-91.,0.,0.));
#2633=CARTESIAN_POINT('',(-91.,97.5,0.));
#2634=CARTESIAN_POINT('',(-91.,0.,0.));
#2635=CARTESIAN_POINT('',(-91.,97.5,0.));
#2636=CARTESIAN_POINT('Origin',(-91.,97.5,0.));
#2637=CARTESIAN_POINT('',(-91.,97.5,0.));
#2638=CARTESIAN_POINT('Origin',(5.00000007450581,102.5,0.));
#2639=CARTESIAN_POINT('',(-95.9924202982039,102.5,0.));
#2640=CARTESIAN_POINT('Origin',(-45.4962101118491,49.1908893674153,0.));
#2641=CARTESIAN_POINT('',(0.,0.,0.));
#2642=UNCERTAINTY_MEASURE_WITH_UNIT(LENGTH_MEASURE(0.01),#2648,
'DISTANCE_ACCURACY_VALUE',
'Maximum model space distance between geometric entities at asserted c
onnectivities');
#2643=UNCERTAINTY_MEASURE_WITH_UNIT(LENGTH_MEASURE(0.01),#2648,
'DISTANCE_ACCURACY_VALUE',
'Maximum model space distance between geometric entities at asserted c
onnectivities');
#2644=UNCERTAINTY_MEASURE_WITH_UNIT(LENGTH_MEASURE(0.01),#2648,
'DISTANCE_ACCURACY_VALUE',
'Maximum model space distance between geometric entities at asserted c
onnectivities');
#2645=(
GEOMETRIC_REPRESENTATION_CONTEXT(3)
GLOBAL_UNCERTAINTY_ASSIGNED_CONTEXT((#2642))
GLOBAL_UNIT_ASSIGNED_CONTEXT((#2648,#2650,#2651))
REPRESENTATION_CONTEXT('','3D')
);
#2646=(
GEOMETRIC_REPRESENTATION_CONTEXT(3)
GLOBAL_UNCERTAINTY_ASSIGNED_CONTEXT((#2643))
GLOBAL_UNIT_ASSIGNED_CONTEXT((#2648,#2650,#2651))
REPRESENTATION_CONTEXT('','3D')
);
#2647=(
GEOMETRIC_REPRESENTATION_CONTEXT(3)
GLOBAL_UNCERTAINTY_ASSIGNED_CONTEXT((#2644))
GLOBAL_UNIT_ASSIGNED_CONTEXT((#2648,#2650,#2651))
REPRESENTATION_CONTEXT('','3D')
);
#2648=(
LENGTH_UNIT()
NAMED_UNIT(*)
SI_UNIT(.MILLI.,.METRE.)
);
#2649=(
LENGTH_UNIT()
NAMED_UNIT(*)
SI_UNIT($,.METRE.)
);
#2650=(
NAMED_UNIT(*)
PLANE_ANGLE_UNIT()
SI_UNIT($,.RADIAN.)
);
#2651=(
NAMED_UNIT(*)
SI_UNIT($,.STERADIAN.)
SOLID_ANGLE_UNIT()
);
#2652=SHAPE_DEFINITION_REPRESENTATION(#2654,#2657);
#2653=SHAPE_DEFINITION_REPRESENTATION(#2655,#2658);
#2654=PRODUCT_DEFINITION_SHAPE('',$,#2660);
#2655=PRODUCT_DEFINITION_SHAPE('',$,#2661);
#2656=PRODUCT_DEFINITION_SHAPE($,$,#14);
#2657=SHAPE_REPRESENTATION('',(#1634,#1755),#2645);
#2658=SHAPE_REPRESENTATION('',(#1635),#2646);
#2659=PRODUCT_DEFINITION_CONTEXT('part definition',#2667,'design');
#2660=PRODUCT_DEFINITION('ImageToStl.com_hack+pad+pcb (1)',
'ImageToStl.com_hack+pad+pcb (1) v3',#2662,#2659);
#2661=PRODUCT_DEFINITION('bovenkant','bovenkant',#2663,#2659);
#2662=PRODUCT_DEFINITION_FORMATION('',$,#2669);
#2663=PRODUCT_DEFINITION_FORMATION('',$,#2670);
#2664=PRODUCT_RELATED_PRODUCT_CATEGORY(
'ImageToStl.com_hack+pad+pcb (1) v3',
'ImageToStl.com_hack+pad+pcb (1) v3',(#2669));
#2665=PRODUCT_RELATED_PRODUCT_CATEGORY('bovenkant','bovenkant',(#2670));
#2666=APPLICATION_PROTOCOL_DEFINITION('international standard',
'automotive_design',2009,#2667);
#2667=APPLICATION_CONTEXT(
'Core Data for Automotive Mechanical Design Process');
#2668=PRODUCT_CONTEXT('part definition',#2667,'mechanical');
#2669=PRODUCT('ImageToStl.com_hack+pad+pcb (1)',
'ImageToStl.com_hack+pad+pcb (1) v3',$,(#2668));
#2670=PRODUCT('bovenkant','bovenkant',$,(#2668));
#2671=PRESENTATION_STYLE_ASSIGNMENT((#2673));
#2672=PRESENTATION_STYLE_ASSIGNMENT((#2674));
#2673=SURFACE_STYLE_USAGE(.BOTH.,#2675);
#2674=SURFACE_STYLE_USAGE(.BOTH.,#2676);
#2675=SURFACE_SIDE_STYLE('',(#2677));
#2676=SURFACE_SIDE_STYLE('',(#2678));
#2677=SURFACE_STYLE_FILL_AREA(#2679);
#2678=SURFACE_STYLE_FILL_AREA(#2680);
#2679=FILL_AREA_STYLE('Steel - Satin',(#2681));
#2680=FILL_AREA_STYLE('Copper - Polished',(#2682));
#2681=FILL_AREA_STYLE_COLOUR('Steel - Satin',#2683);
#2682=FILL_AREA_STYLE_COLOUR('Copper - Polished',#2684);
#2683=COLOUR_RGB('Steel - Satin',0.627450980392157,0.627450980392157,0.627450980392157);
#2684=COLOUR_RGB('Copper - Polished',0.929411764705882,0.807843137254902,
0.764705882352941);
ENDSEC;
END-ISO-10303-21;
